DATE,HOUR,SKILL,CAMPAIGN,DISPOSITION,INTERACTIONS,CHAT QUEUE TIME,HANDLE TIME,AFTER CHAT WORK
2024/10/18,00:00,Inbound Sales - Chat,Chat_Nectar,Product Inquiry,1,00:00:06,00:04:02,00:01:26
2024/10/18,00:00,Inbound Sales - Chat,Chat_DreamCloud,Product Inquiry,1,00:00:05,00:12:42,00:00:07
2024/10/18,00:00,Inbound Sales - Chat,Chat_Nectar,Product Inquiry,1,00:00:04,00:12:07,00:00:40
2024/10/18,00:00,Inbound Sales - Chat,Chat_Nectar,Product Inquiry,1,00:00:06,00:04:04,00:00:54
2024/10/18,01:00,Early Returns - Chat,Chat_DreamCloud,Return_1st - Incorrect Order,1,00:00:03,00:43:06,00:00:00
2024/10/18,01:00,Inbound Sales - Chat,Chat_Nectar,Product Inquiry,1,00:00:03,00:10:44,00:01:33
2024/10/18,01:00,Inbound Sales - Chat,Chat_Siena,Unresolved Interaction,1,00:00:05,00:07:02,00:00:25
2024/10/18,01:00,Inbound Sales - Chat,Chat_Nectar,Unresolved Interaction,1,00:00:04,00:06:29,00:00:14
2024/10/18,01:00,Inbound Sales - Chat,Chat_Nectar,Unresolved Interaction,1,00:00:05,00:04:37,00:01:22
2024/10/18,01:00,Inbound Sales - Chat,Chat_DreamCloud,Sales- Sellable- Offer Made- Not Sold,1,00:00:03,00:06:26,00:00:17
2024/10/18,01:00,Inbound Sales - Chat,Chat_DreamCloud,Order Details Question,1,00:00:07,00:08:38,00:01:17
2024/10/18,01:00,Inbound Sales - Chat,Chat_Nectar,Unresponsive Customer,1,00:00:05,00:04:09,00:00:33
2024/10/18,01:00,Inbound Sales - Chat,Chat_DreamCloud,Sales- Sellable- Offer Made- Not Sold,1,00:00:03,00:04:49,00:00:06
2024/10/18,01:00,Inbound Sales - Chat,Chat_DreamCloud,Unresolved Interaction,1,00:00:03,00:15:10,00:01:13
2024/10/18,01:00,Pre-Transit_Cancellations - Chat,Chat_DreamCloud,Cancellation Pre Transit,1,00:00:04,00:17:26,00:00:21
2024/10/18,01:00,Pre-Transit_Cancellations - Chat,Chat_Nectar,Cancellation Pre Transit,1,00:00:03,00:09:09,00:00:24
2024/10/18,02:00,EOT Delivered - Chat,Chat_Nectar,Refund Status Inquiry,1,00:00:03,00:12:50,00:00:04
2024/10/18,02:00,EOT Delivered - Chat,Chat_Nectar,Warranty Claim 61 Plus Days_1st,1,00:00:05,00:17:08,00:00:06
2024/10/18,02:00,In Transit - Chat,Chat_DreamCloud,Exchange Wrong Product_Wrong Size,1,00:00:04,00:08:19,00:00:15
2024/10/18,02:00,Inbound Sales - Chat,Chat_DreamCloud,Product Inquiry,1,00:00:03,00:33:59,00:10:11
2024/10/18,02:00,Inbound Sales - Chat,Chat_DreamCloud,Product Inquiry,1,00:00:02,00:04:28,00:02:08
2024/10/18,03:00,Delivered - Chat,Chat_DreamCloud,Return_1st - Comfort Issue,1,00:00:04,00:15:00,00:00:03
2024/10/18,03:00,Delivered - Chat,Chat_Nectar,Unresponsive Customer,1,00:00:03,00:14:02,00:04:41
2024/10/18,03:00,Early Returns - Chat,Chat_DreamCloud,Return_2nd - Comfort Issue,1,00:00:04,00:20:59,00:00:13
2024/10/18,03:00,Early Returns - Chat,Chat_DreamCloud,Unresolved Interaction,1,00:00:04,00:04:44,00:00:42
2024/10/18,03:00,EOT Delivered - Chat,Chat_Cloverlane,Unresponsive Customer,1,00:00:06,00:26:09,00:02:55
2024/10/18,03:00,EOT Delivered - Chat,Chat_Cloverlane,Unresolved Interaction,1,00:00:04,00:03:58,00:03:21
2024/10/18,03:00,In Transit - Chat,Chat_DreamCloud,WISMO- Carrier Delay,1,00:00:05,00:25:58,00:00:11
2024/10/18,03:00,Inbound Sales - Chat,Chat_Nectar,Product Inquiry,1,00:00:09,00:09:56,00:03:05
2024/10/18,03:00,Inbound Sales - Chat,Chat_Nectar,Unresolved Interaction,1,00:00:05,00:10:23,00:02:19
2024/10/18,03:00,Inbound Sales - Chat,Chat_DreamCloud,Unresponsive Customer,1,00:00:03,00:09:25,00:00:41
2024/10/18,03:00,Inbound Sales - Chat,Chat_DreamCloud,Sales- Sellable- Offer Made- Follow Up,1,00:00:05,00:12:09,00:03:07
2024/10/18,03:00,Inbound Sales - Chat,Chat_DreamCloud,Sales- Sellable- Offer Made- Not Sold,1,00:00:04,00:19:39,00:09:51
2024/10/18,03:00,Inbound Sales - Chat,Chat_DreamCloud,Prospect - DNC,1,00:00:03,00:22:34,00:00:05
2024/10/18,03:00,Inbound Sales - Chat,Chat_Nectar,Order Details Question,1,00:00:04,00:08:26,00:01:08
2024/10/18,04:00,Delivered - Chat,Chat_Nectar,Return_1st - Comfort Issue,1,00:00:05,00:31:10,00:00:26
2024/10/18,04:00,Delivered - Chat,Chat_Nectar,Product Inquiry,1,00:00:03,00:28:53,00:01:24
2024/10/18,04:00,Early Returns - Chat,Chat_Nectar,Unresolved Interaction,1,00:00:06,00:17:05,00:00:28
2024/10/18,04:00,Early Returns - Chat,Chat_Nectar,Exchange Wrong Product_Wrong Size,1,00:00:03,00:09:26,00:01:03
2024/10/18,04:00,Early Returns - Chat,Chat_DreamCloud,Return_1st - Comfort Issue,1,00:00:06,00:18:58,00:02:38
2024/10/18,04:00,Early Returns - Chat,Chat_DreamCloud,Product Inquiry,1,00:00:05,00:16:25,00:00:15
2024/10/18,04:00,Early Returns - Chat,Chat_Nectar,Return_1st - Comfort Issue,1,00:00:03,00:23:27,00:02:53
2024/10/18,04:00,EOT Delivered - Chat,Chat_Nectar,Unresponsive Customer,1,00:00:03,00:05:31,00:00:00
2024/10/18,04:00,EOT Delivered - Chat,Chat_Nectar,Order Details Question,1,00:00:02,00:25:28,00:08:55
2024/10/18,04:00,EOT Delivered - Chat,Chat_Nectar,Return_1st - Comfort Issue,1,00:00:05,00:31:38,00:12:10
2024/10/18,04:00,EOT Delivered - Chat,Chat_Cloverlane,Unresponsive Customer,1,00:00:05,00:11:22,00:08:26
2024/10/18,04:00,In Transit - Chat,Chat_DreamCloud,Damage in Transit Claim Inquiry,1,00:00:04,00:21:22,00:00:43
2024/10/18,04:00,In Transit - Chat,Chat_Nectar,Cancellation Pre Transit,1,00:00:04,00:58:23,00:00:13
2024/10/18,04:00,In Transit - Chat,Chat_DreamCloud,WISMO- In Transit,1,00:00:03,00:17:23,00:02:51
2024/10/18,04:00,In Transit - Chat,Chat_DreamCloud,WISMO- Pre Transit Out of SLA,1,00:00:06,00:05:32,00:00:31
2024/10/18,04:00,Inbound Sales - Chat,Chat_Nectar,Amazon Inquiry,1,00:00:06,00:17:00,00:00:33
2024/10/18,04:00,Inbound Sales - Chat,Chat_DreamCloud,Unresolved Interaction,1,00:00:02,00:08:12,00:00:00
2024/10/18,04:00,Inbound Sales - Chat,Chat_DreamCloud,Amazon Inquiry,1,00:00:05,00:10:39,00:01:17
2024/10/18,04:00,Inbound Sales - Chat,Chat_DreamCloud,Unresponsive Customer,1,00:00:04,00:13:39,00:00:47
2024/10/18,04:00,Inbound Sales - Chat,Chat_Nectar,Product Inquiry,1,00:00:02,00:05:24,00:00:19
2024/10/18,04:00,Inbound Sales - Chat,Chat_Nectar,Product Inquiry,1,00:00:04,00:45:09,00:06:50
2024/10/18,04:00,Inbound Sales - Chat,Chat_Nectar,Sales- Sellable- Offer Made- Not Sold,1,00:00:03,00:22:41,00:04:04
2024/10/18,04:00,Inbound Sales - Chat,Chat_Nectar,Sales- Sellable- Offer Made- Not Sold,1,00:00:04,00:10:25,00:08:40
2024/10/18,04:00,Inbound Sales - Chat,Chat_Nectar,Product Inquiry,1,00:00:05,00:11:38,00:01:21
2024/10/18,04:00,Inbound Sales - Chat,Chat_DreamCloud,Sales- Sellable- Offer Made- Not Sold,1,00:00:03,00:17:04,00:06:25
2024/10/18,04:00,Inbound Sales - Chat,Chat_Nectar,Unresolved Interaction,1,00:00:02,00:05:06,00:00:27
2024/10/18,04:00,Pre-Transit_Cancellations - Chat,Chat_Nectar,Unresponsive Customer,1,00:00:02,00:01:20,00:01:01
2024/10/18,04:00,Pre-Transit_Cancellations - Chat,Chat_Nectar,Unresponsive Customer,1,00:00:02,00:07:23,00:07:00
2024/10/18,04:00,Pre-Transit_Cancellations - Chat,Chat_Siena,Cancellation Pre Transit,1,00:00:04,00:12:45,00:02:26
2024/10/18,04:00,Pre-Transit_Cancellations - Chat,Chat_Nectar,Unresolved Interaction,1,00:00:03,00:25:07,00:00:00
2024/10/18,05:00,Delivered - Chat,Chat_Siena,Return_1st - Comfort Issue,1,00:00:05,00:19:18,00:02:24
2024/10/18,05:00,Delivered - Chat,Chat_Nectar,Return_1st - Comfort Issue,1,00:00:04,00:28:43,00:00:00
2024/10/18,05:00,Delivered - Chat,Chat_DreamCloud,Return_1st - Retained Firm Topper,1,00:00:02,00:18:50,00:03:51
2024/10/18,05:00,Early Returns - Chat,Chat_Nectar,Order Details Question,1,00:00:06,00:14:45,00:04:29
2024/10/18,05:00,Early Returns - Chat,Chat_DreamCloud,Product Inquiry,1,00:00:04,00:07:13,00:00:10
2024/10/18,05:00,Early Returns - Chat,Chat_DreamCloud,Product Inquiry,1,00:00:04,00:17:07,00:13:40
2024/10/18,05:00,EOT Delivered - Chat,Chat_DreamCloud,Order Details Question,1,00:00:03,00:08:24,00:01:14
2024/10/18,05:00,EOT Delivered - Chat,Chat_DreamCloud,Order Details Question,1,00:00:05,00:16:38,00:00:20
2024/10/18,05:00,EOT Delivered - Chat,Chat_Nectar,Unresolved Interaction,1,00:00:03,00:25:55,00:11:28
2024/10/18,05:00,EOT Delivered - Chat,Chat_DreamCloud,Order Details Question,1,00:00:04,00:18:55,00:00:53
2024/10/18,05:00,In Transit - Chat,Chat_DreamCloud,Order Details Question,1,00:00:03,00:33:00,00:27:43
2024/10/18,05:00,In Transit - Chat,Chat_DreamCloud,Unresponsive Customer,1,00:00:01,00:05:05,00:01:16
2024/10/18,05:00,In Transit - Chat,Chat_Nectar,Unresponsive Customer,1,00:00:05,00:01:35,00:01:09
2024/10/18,05:00,In Transit - Chat,Chat_Nectar,Unresponsive Customer,1,00:00:07,00:19:37,00:02:18
2024/10/18,05:00,In Transit - Chat,Chat_DreamCloud,Unresponsive Customer,1,00:00:04,00:05:52,00:03:38
2024/10/18,05:00,In Transit - Chat,Chat_DreamCloud,Unresponsive Customer,1,00:00:04,00:12:29,00:01:44
2024/10/18,05:00,Inbound Sales - Chat,Chat_Nectar,Sales- Sellable- Offer Made- Not Sold,1,00:00:04,00:14:10,00:07:23
2024/10/18,05:00,Inbound Sales - Chat,Chat_DreamCloud,Retail Inquiry,1,00:00:04,00:20:14,00:00:02
2024/10/18,05:00,Inbound Sales - Chat,Chat_Nectar,Product Inquiry,1,00:00:03,00:21:21,00:01:55
2024/10/18,05:00,Inbound Sales - Chat,Chat_DreamCloud,WGS- WISMO Pre Delivery,1,00:00:04,00:14:40,00:00:06
2024/10/18,05:00,Inbound Sales - Chat,Chat_Nectar,Unresponsive Customer,1,00:00:06,00:04:11,00:00:53
2024/10/18,05:00,Inbound Sales - Chat,Chat_Nectar,Sales- Sellable- No- Offer- Made,1,00:00:04,00:12:45,00:04:15
2024/10/18,05:00,Inbound Sales - Chat,Chat_DreamCloud,Product Inquiry,1,00:00:04,00:09:50,00:01:01
2024/10/18,05:00,Inbound Sales - Chat,Chat_Nectar,Affirm Inquiry,1,00:00:04,00:02:40,00:00:50
2024/10/18,05:00,Inbound Sales - Chat,Chat_DreamCloud,Order Details Question,1,00:00:05,00:10:27,00:01:41
2024/10/18,05:00,Inbound Sales - Chat,Chat_Nectar,Unresolved Interaction,1,00:00:04,00:33:08,00:00:16
2024/10/18,05:00,Inbound Sales - Chat,Chat_Nectar,Unresolved Interaction,1,00:00:03,00:04:37,00:02:25
2024/10/18,05:00,Pre Transit - Chat,Chat_Nectar,Edit Hold for Shipping,1,00:00:05,00:08:33,00:00:00
2024/10/18,05:00,Pre Transit - Chat,Chat_DreamCloud,WISMO- Pre Transit Out of SLA,1,00:00:04,00:22:36,00:16:37
2024/10/18,05:00,Pre Transit - Chat,Chat_Nectar,Edit Hold for Shipping,1,00:00:27,00:08:31,00:00:06
2024/10/18,05:00,Pre-Transit_Cancellations - Chat,Chat_Nectar,Cancellation Pre Transit,1,00:00:05,00:14:34,00:00:00
2024/10/18,05:00,Pre-Transit_Cancellations - Chat,Chat_DreamCloud,WISMO- Pre Transit in SLA,1,00:00:04,00:12:18,00:02:50
2024/10/18,05:00,Pre-Transit_Cancellations - Chat,Chat_Nectar,Cancellation Pre Transit,1,00:00:03,00:20:11,00:11:50
2024/10/18,05:00,Pre-Transit_Cancellations - Chat,Chat_Nectar,Cancellation Pre Transit,1,00:00:05,00:09:11,00:00:06
2024/10/18,05:00,Pre-Transit_Cancellations - Chat,Chat_DreamCloud,Edit Hold for Shipping,1,00:00:04,00:10:00,00:04:18
2024/10/18,06:00,Delivered - Chat,Chat_DreamCloud,Return_2nd - Comfort Issue,1,00:00:05,00:37:21,00:05:03
2024/10/18,06:00,Delivered - Chat,Chat_Siena,Return_1st - Comfort Issue,1,00:00:41,00:12:47,00:05:06
2024/10/18,06:00,Delivered - Chat,Chat_DreamCloud,Return_1st - Retained - Soft Topper,1,00:02:25,00:27:37,00:00:18
2024/10/18,06:00,Delivered - Chat,Chat_Nectar,Unresolved Interaction,1,00:00:06,00:13:54,00:02:04
2024/10/18,06:00,Delivered - Chat,Chat_Nectar,Return_1st - Retained - Cross-Sell,1,00:00:04,01:15:29,00:00:51
2024/10/18,06:00,Delivered - Chat,Chat_DreamCloud,Ghost Call,1,00:00:46,00:07:53,00:04:20
2024/10/18,06:00,Delivered - Chat,Chat_Nectar,Return_2nd - Retained - Cross-Sell,1,00:00:05,00:14:59,00:00:16
2024/10/18,06:00,Early Returns - Chat,Chat_Nectar,Warranty Claim 61 Plus Days_1st,1,00:00:03,00:10:26,00:01:18
2024/10/18,06:00,Early Returns - Chat,Chat_Nectar,Product Inquiry,1,00:00:04,00:15:51,00:02:52
2024/10/18,06:00,Early Returns - Chat,Chat_Nectar,Refund Status Inquiry,1,00:00:03,00:18:55,00:03:58
2024/10/18,06:00,Early Returns - Chat,Chat_Nectar,Return_2nd - Retained - Soft Topper,1,00:04:15,00:33:42,00:05:29
2024/10/18,06:00,Early Returns - Chat,Chat_Nectar,Unresponsive Customer,1,00:00:21,00:06:03,00:02:41
2024/10/18,06:00,Early Returns - Chat,Chat_Nectar,Product Inquiry,1,00:00:43,00:13:49,00:02:18
2024/10/18,06:00,Early Returns - Chat,Chat_Nectar,Lost Claim Inquiry,1,00:00:04,01:13:07,00:01:16
2024/10/18,06:00,Early Returns - Chat,Chat_Nectar,Product Inquiry,1,00:00:05,00:21:54,00:01:58
2024/10/18,06:00,Early Returns - Chat,Chat_Siena,Product Inquiry,1,00:04:43,00:08:08,00:00:52
2024/10/18,06:00,Early Returns - Chat,Chat_DreamCloud,Unresolved Interaction,1,00:00:06,00:10:10,00:02:38
2024/10/18,06:00,EOT Delivered - Chat,Chat_Nectar,Warranty Claim 61 Plus Days_1st,1,00:00:04,00:20:59,00:04:54
2024/10/18,06:00,EOT Delivered - Chat,Chat_Nectar,Warranty Claim 61 Plus Days_1st,1,00:00:05,00:08:11,00:01:50
2024/10/18,06:00,EOT Delivered - Chat,Chat_Nectar,Warranty Claim 61 Plus Days_1st,1,00:00:03,00:21:02,00:10:18
2024/10/18,06:00,In Transit - Chat,Chat_DreamCloud,Order Details Question,1,00:00:04,00:08:59,00:04:34
2024/10/18,06:00,In Transit - Chat,Chat_DreamCloud,Product Inquiry,1,00:00:06,00:11:34,00:03:39
2024/10/18,06:00,In Transit - Chat,Chat_DreamCloud,Abandon,1,00:01:48,00:00:00,00:00:00
2024/10/18,06:00,In Transit - Chat,Chat_DreamCloud,WGS General Inquiry,1,00:00:04,00:14:45,00:06:09
2024/10/18,06:00,In Transit - Chat,Chat_DreamCloud,Return_1st - Duplicate Order,1,00:00:04,00:09:39,00:00:04
2024/10/18,06:00,In Transit - Chat,Chat_DreamCloud,WISMO- Pre Transit Out of SLA,1,00:00:05,00:21:40,00:01:06
2024/10/18,06:00,In Transit - Chat,Chat_Nectar,Abandon,1,00:00:41,00:00:00,00:00:00
2024/10/18,06:00,In Transit - Chat,Chat_DreamCloud,Order Details Question,1,00:01:40,00:22:27,00:02:21
2024/10/18,06:00,In Transit - Chat,Chat_Siena,WISMO- In Transit,1,00:02:09,00:15:04,00:00:15
2024/10/18,06:00,Inbound Sales - Chat,Chat_Nectar,Sales- Sellable- Offer Made- Follow Up,1,00:00:05,00:10:46,00:07:19
2024/10/18,06:00,Inbound Sales - Chat,Chat_Nectar,Sales- Sellable- Offer Made- Not Sold,1,00:00:06,00:13:54,00:01:14
2024/10/18,06:00,Inbound Sales - Chat,Chat_Nectar,Warranty Claim 61 Plus Days_1st,1,00:00:03,00:07:23,00:00:23
2024/10/18,06:00,Inbound Sales - Chat,Chat_Nectar,Unresolved Interaction,1,00:03:03,00:02:13,00:00:27
2024/10/18,06:00,Inbound Sales - Chat,Chat_Nectar,Unresolved Interaction,1,00:00:03,00:09:24,00:01:30
2024/10/18,06:00,Inbound Sales - Chat,Chat_DreamCloud,EC - Sales- Sold,1,00:00:02,00:31:54,00:09:34
2024/10/18,06:00,Inbound Sales - Chat,Chat_DreamCloud,Sales- Sellable- Offer Made- Follow Up,1,00:00:04,00:09:03,00:00:15
2024/10/18,06:00,Inbound Sales - Chat,Chat_Nectar,Sales- Sellable- Offer Made- Follow Up,1,00:00:06,00:05:10,00:03:09
2024/10/18,06:00,Inbound Sales - Chat,Chat_DreamCloud,Sales- Sellable- No- Offer- Made,1,00:00:04,00:07:50,00:03:58
2024/10/18,06:00,Inbound Sales - Chat,Chat_Nectar,Sales- Sellable- Offer Made- Follow Up,1,00:03:31,00:24:41,00:00:34
2024/10/18,06:00,Inbound Sales - Chat,Chat_Nectar,Unresolved Interaction,1,00:01:26,00:02:30,00:00:56
2024/10/18,06:00,Inbound Sales - Chat,Chat_Nectar,EC - Sellable Not Sold,1,00:00:03,00:15:17,00:03:17
2024/10/18,06:00,Inbound Sales - Chat,Chat_Nectar,Sales- Sellable- Offer Made- Follow Up,1,00:00:04,01:08:05,00:12:38
2024/10/18,06:00,Inbound Sales - Chat,Chat_DreamCloud,Sales- Sellable- No- Offer- Made,1,00:00:04,00:11:53,00:03:23
2024/10/18,06:00,Inbound Sales - Chat,Chat_Nectar,Unresolved Interaction,1,00:04:12,00:02:48,00:00:25
2024/10/18,06:00,Inbound Sales - Chat,Chat_Nectar,Abandon,1,00:03:03,00:00:00,00:00:00
2024/10/18,06:00,Inbound Sales - Chat,Chat_DreamCloud,Sales- Sellable- No- Offer- Made,1,00:00:04,00:03:55,00:00:00
2024/10/18,06:00,Inbound Sales - Chat,Chat_Nectar,Sales- Sellable- Offer Made- Not Sold,1,00:00:03,00:30:38,00:02:16
2024/10/18,06:00,Inbound Sales - Chat,Chat_DreamCloud,Sales- Sellable- No- Offer- Made,1,00:00:04,00:10:22,00:04:12
2024/10/18,06:00,Inbound Sales - Chat,Chat_Siena,Sales- Sellable- No- Offer- Made,1,00:00:04,00:09:59,00:00:23
2024/10/18,06:00,Inbound Sales - Chat,Chat_Awara,Sales- Sellable- No- Offer- Made,1,00:00:02,00:20:26,00:02:21
2024/10/18,06:00,Inbound Sales - Chat,Chat_DreamCloud,Ghost Call,1,00:00:24,00:12:11,00:01:24
2024/10/18,06:00,Inbound Sales - Chat,Chat_Nectar,Unresolved Interaction,1,00:00:03,00:17:38,00:07:47
2024/10/18,06:00,Inbound Sales - Chat,Chat_Nectar,Sales- Sellable- Offer Made- Follow Up,1,00:00:04,00:14:24,00:00:26
2024/10/18,06:00,Inbound Sales - Chat,Chat_Nectar,Warranty Claim 61 Plus Days_1st,1,00:00:04,00:22:37,00:00:00
2024/10/18,06:00,Inbound Sales - Chat,Chat_DreamCloud,Unresolved Interaction,1,00:00:03,00:07:47,00:01:03
2024/10/18,06:00,Pre-Transit_Cancellations - Chat,Chat_DreamCloud,Abandon,1,00:03:31,00:00:00,00:00:00
2024/10/18,06:00,Pre-Transit_Cancellations - Chat,Chat_Nectar,Ghost Call,1,00:04:30,00:09:39,00:03:30
2024/10/18,06:00,Pre-Transit_Cancellations - Chat,Chat_Nectar,Ghost Call,1,00:00:03,00:07:30,00:07:10
2024/10/18,06:00,Pre-Transit_Cancellations - Chat,Chat_Nectar,Unresponsive Customer,1,00:01:07,00:11:01,00:09:08
2024/10/18,06:00,Pre-Transit_Cancellations - Chat,Chat_DreamCloud,Abandon,1,00:01:50,00:00:00,00:00:00
2024/10/18,06:00,Pre-Transit_Cancellations - Chat,Chat_DreamCloud,Abandon,1,00:04:00,00:00:00,00:00:00
2024/10/18,06:00,Pre-Transit_Cancellations - Chat,Chat_Nectar,Order Details Question,1,00:01:02,00:20:15,00:01:12
2024/10/18,06:00,Pre-Transit_Cancellations - Chat,Chat_Nectar,Order Details Question,1,00:03:13,00:07:38,00:00:23
2024/10/18,06:00,Pre-Transit_Cancellations - Chat,Chat_Nectar,Ghost Call,1,00:03:17,00:08:42,00:07:48
2024/10/18,07:00,Delivered - Chat,Chat_Siena,Unresponsive Customer,1,00:00:04,00:07:22,00:04:15
2024/10/18,07:00,Delivered - Chat,Chat_Nectar,Return_1st - Comfort Issue,1,00:00:03,00:32:54,00:00:00
2024/10/18,07:00,Delivered - Chat,Chat_Nectar,Return_1st - Retained - Soft Topper,1,00:00:06,00:17:35,00:00:32
2024/10/18,07:00,Delivered - Chat,Chat_DreamCloud,Return_1st - Comfort Issue,1,00:00:05,00:07:03,00:01:18
2024/10/18,07:00,Early Returns - Chat,Chat_Nectar,Unresolved Interaction,1,00:00:05,00:43:31,00:03:46
2024/10/18,07:00,Early Returns - Chat,Chat_Nectar,WISMO- Pre Transit Out of SLA,1,00:00:04,00:16:17,00:02:06
2024/10/18,07:00,Early Returns - Chat,Chat_Siena,Product Inquiry,1,00:00:06,00:04:43,00:00:43
2024/10/18,07:00,Early Returns - Chat,Chat_DreamCloud,Product Inquiry,1,00:00:03,00:14:45,00:00:17
2024/10/18,07:00,EOT Delivered - Chat,Chat_DreamCloud,Return_1st - Comfort Issue,1,00:00:06,00:20:29,00:02:09
2024/10/18,07:00,EOT Delivered - Chat,Chat_Nectar,Product Inquiry,1,00:00:05,00:24:33,00:00:08
2024/10/18,07:00,EOT Delivered - Chat,Chat_Nectar,Product Inquiry,1,00:00:06,00:10:53,00:02:43
2024/10/18,07:00,EOT Delivered - Chat,Chat_DreamCloud,Order Details Question,1,00:00:05,00:22:47,00:06:11
2024/10/18,07:00,In Transit - Chat,Chat_Nectar,Order Details Question,1,00:00:07,00:15:01,00:03:46
2024/10/18,07:00,In Transit - Chat,Chat_DreamCloud,WISMO- Pre Transit in SLA,1,00:00:02,00:22:26,00:00:23
2024/10/18,07:00,In Transit - Chat,Chat_DreamCloud,Order Details Question,1,00:00:04,00:04:49,00:00:07
2024/10/18,07:00,In Transit - Chat,Chat_DreamCloud,WISMO- Pre Transit in SLA,1,00:00:05,00:14:32,00:03:08
2024/10/18,07:00,In Transit - Chat,Chat_DreamCloud,WISMO- Pre Transit Out of SLA,1,00:00:04,00:26:56,00:01:07
2024/10/18,07:00,Inbound Sales - Chat,Chat_Nectar,Unresolved Interaction,1,00:00:03,00:03:16,00:01:11
2024/10/18,07:00,Inbound Sales - Chat,Chat_DreamCloud,Unresponsive Customer,1,00:00:04,00:17:22,00:00:00
2024/10/18,07:00,Inbound Sales - Chat,Chat_DreamCloud,Unresolved Interaction,1,00:00:02,00:29:59,00:09:03
2024/10/18,07:00,Inbound Sales - Chat,Chat_DreamCloud,Product Inquiry,1,00:00:04,00:05:49,00:00:17
2024/10/18,07:00,Inbound Sales - Chat,Chat_Nectar,Sales- Sellable- Offer Made- Not Sold,1,00:00:02,00:53:39,00:15:12
2024/10/18,07:00,Inbound Sales - Chat,Chat_Nectar,Sales- Sellable- Offer Made- Follow Up,1,00:00:02,00:15:12,00:00:00
2024/10/18,07:00,Inbound Sales - Chat,Chat_Nectar,Sales- Sellable- Offer Made- Follow Up,1,00:00:06,00:32:08,00:17:16
2024/10/18,07:00,Inbound Sales - Chat,Chat_Nectar,Ghost Call,1,00:00:05,00:05:34,00:00:11
2024/10/18,07:00,Inbound Sales - Chat,Chat_DreamCloud,Sales- Sellable- Sold,1,00:00:05,00:14:00,00:00:00
2024/10/18,07:00,Inbound Sales - Chat,Chat_Nectar,Unresolved Interaction,1,00:00:04,00:08:21,00:00:00
2024/10/18,07:00,Inbound Sales - Chat,Chat_DreamCloud,Sales- Sellable- Offer Made- Not Sold,1,00:00:06,00:32:42,00:00:10
2024/10/18,07:00,Inbound Sales - Chat,Chat_Nectar,Sales- Sellable- Offer Made- Follow Up,1,00:00:04,00:09:13,00:00:00
2024/10/18,07:00,Inbound Sales - Chat,Chat_DreamCloud,Unresolved Interaction,1,00:00:04,00:27:09,00:12:42
2024/10/18,07:00,Inbound Sales - Chat,Chat_DreamCloud,Unresolved Interaction,1,00:00:03,00:09:19,00:03:18
2024/10/18,07:00,Inbound Sales - Chat,Chat_DreamCloud,Sales- Sellable- Offer Made- Not Sold,1,00:00:03,00:22:47,00:03:52
2024/10/18,07:00,Inbound Sales - Chat,Chat_DreamCloud,Unresolved Interaction,1,00:00:03,00:07:26,00:03:04
2024/10/18,07:00,Inbound Sales - Chat,Chat_DreamCloud,Retail Inquiry,1,00:00:05,00:09:36,00:00:21
2024/10/18,07:00,Inbound Sales - Chat,Chat_Nectar,Sales- Sellable- Sold,1,00:00:04,00:19:14,00:11:49
2024/10/18,07:00,Inbound Sales - Chat,Chat_DreamCloud,Product Inquiry,1,00:00:06,00:23:04,00:01:05
2024/10/18,07:00,Inbound Sales - Chat,Chat_Siena,Unresponsive Customer,1,00:00:03,00:04:09,00:00:16
2024/10/18,07:00,Inbound Sales - Chat,Chat_Nectar,Sales- Sellable- Offer Made- Not Sold,1,00:00:03,00:19:18,00:03:17
2024/10/18,07:00,Inbound Sales - Chat,Chat_Nectar,Unresolved Interaction,1,00:00:03,00:08:03,00:00:09
2024/10/18,07:00,Inbound Sales - Chat,Chat_Nectar,Return_1st - Bought Somewhere Else,1,00:00:05,00:08:32,00:00:21
2024/10/18,07:00,Inbound Sales - Chat,Chat_Nectar,Sales- Sellable- Offer Made- Not Sold,1,00:00:03,00:20:24,00:01:30
2024/10/18,07:00,Inbound Sales - Chat,Chat_DreamCloud,Unresolved Interaction,1,00:00:04,00:14:32,00:00:03
2024/10/18,07:00,Pre Transit - Chat,Chat_DreamCloud,Unresolved Interaction,1,00:00:05,00:11:44,00:07:17
2024/10/18,07:00,Pre Transit - Chat,Chat_DreamCloud,WISMO- Pre Transit Out of SLA,1,00:00:04,00:21:06,00:01:12
2024/10/18,07:00,Pre-Transit_Cancellations - Chat,Chat_Nectar,Return_1st - Comfort Issue,1,00:00:04,00:25:50,00:00:15
2024/10/18,07:00,Pre-Transit_Cancellations - Chat,Chat_Nectar,Order Details Question,1,00:00:04,00:25:53,00:04:30
2024/10/18,07:00,Pre-Transit_Cancellations - Chat,Chat_Nectar,Ghost Call,1,00:00:03,00:10:56,00:07:58
2024/10/18,07:00,Pre-Transit_Cancellations - Chat,Chat_DreamCloud,Return_1st - Duplicate Order,1,00:07:37,00:16:16,00:00:21
2024/10/18,08:00,Delivered - Chat,Chat_Nectar,Return_1st - Retained - Soft Topper,1,00:00:04,00:11:07,00:00:05
2024/10/18,08:00,Delivered - Chat,Chat_DreamCloud,Return_2nd - Comfort Issue,1,00:00:04,00:25:32,00:02:17
2024/10/18,08:00,Delivered - Chat,Chat_DreamCloud,Unresolved Interaction,1,00:00:04,00:09:27,00:02:29
2024/10/18,08:00,Delivered - Chat,Chat_Nectar,Order Details Question,1,00:00:03,00:09:06,00:01:35
2024/10/18,08:00,Delivered - Chat,Chat_DreamCloud,Return_1st - Comfort Issue,1,00:00:04,00:19:06,00:00:35
2024/10/18,08:00,Delivered - Chat,Chat_Nectar,Unresolved Interaction,1,00:00:03,00:04:29,00:01:40
2024/10/18,08:00,Delivered - Chat,Chat_Nectar,Order Details Question,1,00:00:06,00:09:39,00:04:47
2024/10/18,08:00,Delivered - Chat,Chat_Nectar,Warranty Claim 61 Plus Days_1st,1,00:00:05,00:06:17,00:00:07
2024/10/18,08:00,Delivered - Chat,Chat_DreamCloud,Return_1st - No Longer Needed,1,00:00:05,00:34:20,00:04:23
2024/10/18,08:00,Delivered - Chat,Chat_DreamCloud,Return_1st - Comfort Issue,1,00:00:04,00:36:50,00:00:08
2024/10/18,08:00,Delivered - Chat,Chat_Nectar,Refund Status Inquiry,1,00:00:04,00:20:22,00:00:46
2024/10/18,08:00,Delivered - Chat,Chat_Nectar,Product Inquiry,1,00:00:03,00:10:15,00:00:45
2024/10/18,08:00,Early Returns - Chat,Chat_DreamCloud,Return_1st - Comfort Issue,1,00:00:03,00:59:34,00:00:07
2024/10/18,08:00,Early Returns - Chat,Chat_DreamCloud,Customer Review,1,00:00:05,01:01:12,00:14:52
2024/10/18,08:00,Early Returns - Chat,Chat_Nectar,Return_1st - 30-day adjustment,1,00:00:05,00:25:33,00:06:42
2024/10/18,08:00,Early Returns - Chat,Chat_DreamCloud,Return_1st - No Longer Needed,1,00:00:04,00:39:52,00:00:33
2024/10/18,08:00,EOT Delivered - Chat,Chat_DreamCloud,Warranty Claim 61 Plus Days_1st,1,00:00:06,00:51:28,00:00:08
2024/10/18,08:00,EOT Delivered - Chat,Chat_Cloverlane,Product Inquiry,1,00:00:04,00:04:55,00:00:26
2024/10/18,08:00,EOT Delivered - Chat,Chat_DreamCloud,Unresolved Interaction,1,00:00:05,00:06:12,00:01:56
2024/10/18,08:00,EOT Delivered - Chat,Chat_DreamCloud,Sales- Sellable- Offer Made- Follow Up,1,00:00:04,00:15:34,00:09:14
2024/10/18,08:00,In Transit - Chat,Chat_Nectar,WISMO - RTS,1,00:00:02,00:23:04,00:00:53
2024/10/18,08:00,In Transit - Chat,Chat_DreamCloud,WISMO- Pre Transit in SLA,1,00:00:04,00:20:50,00:02:06
2024/10/18,08:00,In Transit - Chat,Chat_Awara,WISMO- In Transit,1,00:00:03,00:09:30,00:07:31
2024/10/18,08:00,In Transit - Chat,Chat_DreamCloud,Order Details Question,1,00:00:06,00:20:59,00:04:47
2024/10/18,08:00,In Transit - Chat,Chat_Nectar,Amazon Inquiry,1,00:00:04,00:14:39,00:03:36
2024/10/18,08:00,In Transit - Chat,Chat_DreamCloud,WISMO- Carrier Delay,1,00:00:05,00:18:22,00:00:08
2024/10/18,08:00,Inbound Sales - Chat,Chat_Nectar,Product Inquiry,1,00:00:06,00:17:10,00:12:12
2024/10/18,08:00,Inbound Sales - Chat,Chat_Nectar,Product Inquiry,1,00:00:03,00:10:31,00:00:13
2024/10/18,08:00,Inbound Sales - Chat,Chat_Nectar,Sales- Sellable- No- Offer- Made,1,00:00:06,00:15:24,00:02:04
2024/10/18,08:00,Inbound Sales - Chat,Chat_DreamCloud,Sales- Sellable- No- Offer- Made,1,00:00:03,00:11:49,00:01:21
2024/10/18,08:00,Inbound Sales - Chat,Chat_DreamCloud,Unresolved Interaction,1,00:00:04,00:19:21,00:01:51
2024/10/18,08:00,Inbound Sales - Chat,Chat_Nectar,Sales- Sellable- Offer Made- Follow Up,1,00:00:03,00:10:27,00:00:06
2024/10/18,08:00,Inbound Sales - Chat,Chat_Nectar,WGS General Inquiry,1,00:00:06,00:13:02,00:05:15
2024/10/18,08:00,Inbound Sales - Chat,Chat_Nectar,Unresolved Interaction,1,00:00:04,00:15:07,00:00:04
2024/10/18,08:00,Inbound Sales - Chat,Chat_Nectar,Sales- Sellable- Offer Made- Not Sold,1,00:00:03,00:19:46,00:01:34
2024/10/18,08:00,Inbound Sales - Chat,Chat_Nectar,Product Inquiry,1,00:00:06,00:04:51,00:01:04
2024/10/18,08:00,Inbound Sales - Chat,Chat_Nectar,Damage in Transit Claim Inquiry,1,00:00:06,00:16:58,00:00:21
2024/10/18,08:00,Inbound Sales - Chat,Chat_Siena,Sales- Sellable- Offer Made- Follow Up,1,00:00:05,00:14:52,00:04:38
2024/10/18,08:00,Inbound Sales - Chat,Chat_DreamCloud,Unresponsive Customer,1,00:00:05,00:05:33,00:00:14
2024/10/18,08:00,Inbound Sales - Chat,Chat_Nectar,Sales- Sellable- Offer Made- Not Sold,1,00:00:06,00:28:38,00:00:58
2024/10/18,08:00,Inbound Sales - Chat,Chat_DreamCloud,Sales- Sellable- Offer Made- Not Sold,1,00:00:04,00:50:11,00:00:35
2024/10/18,08:00,Inbound Sales - Chat,Chat_Nectar,Sales- Sellable- Offer Made- Not Sold,1,00:00:05,00:10:50,00:00:15
2024/10/18,08:00,Inbound Sales - Chat,Chat_DreamCloud,Sales- Sellable- Offer Made- Not Sold,1,00:00:05,00:26:44,00:06:02
2024/10/18,08:00,Inbound Sales - Chat,Chat_Nectar,Sales- Sellable- Offer Made- Not Sold,1,00:00:03,00:09:20,00:01:04
2024/10/18,08:00,Inbound Sales - Chat,Chat_Nectar,Sales- Sellable- Offer Made- Follow Up,1,00:00:02,00:18:12,00:00:35
2024/10/18,08:00,Inbound Sales - Chat,Chat_Nectar,Unresolved Interaction,1,00:00:05,00:09:52,00:06:21
2024/10/18,08:00,Inbound Sales - Chat,Chat_DreamCloud,Sales- Sellable- Offer Made- Follow Up,1,00:00:06,00:02:42,00:00:10
2024/10/18,08:00,Inbound Sales - Chat,Chat_DreamCloud,Sales- Sellable- No- Offer- Made,1,00:00:03,00:13:21,00:01:03
2024/10/18,08:00,Inbound Sales - Chat,Chat_DreamCloud,EC - Sales- Sold,1,00:00:03,00:10:08,00:03:12
2024/10/18,08:00,Inbound Sales - Chat,Chat_Nectar,Sales- Not Sellable,1,00:00:03,00:05:14,00:02:56
2024/10/18,08:00,Inbound Sales - Chat,Chat_Nectar,Sales- Sellable- Offer Made- Not Sold,1,00:00:03,00:10:46,00:00:11
2024/10/18,08:00,Inbound Sales - Chat,Chat_Nectar,Unresolved Interaction,1,00:00:05,00:05:38,00:01:17
2024/10/18,08:00,Pre Transit - Chat,Chat_DreamCloud,WISMO- Pre Transit in SLA,1,00:00:04,00:15:39,00:00:24
2024/10/18,08:00,Pre-Transit_Cancellations - Chat,Chat_Nectar,Ghost Call,1,00:00:05,00:03:09,00:00:12
2024/10/18,08:00,Pre-Transit_Cancellations - Chat,Chat_Nectar,Order Details Question,1,00:00:03,00:10:12,00:02:46
2024/10/18,08:00,Pre-Transit_Cancellations - Chat,Chat_DreamCloud,Order Details Question,1,00:00:04,00:04:30,00:01:09
2024/10/18,08:00,Pre-Transit_Cancellations - Chat,Chat_DreamCloud,Unresolved Interaction,1,00:00:04,00:08:14,00:05:48
2024/10/18,08:00,Pre-Transit_Cancellations - Chat,Chat_Nectar,Cancellation Pre Transit,1,00:00:06,00:15:14,00:02:28
2024/10/18,08:00,Pre-Transit_Cancellations - Chat,Chat_DreamCloud,Return_1st - Retained - Soft Topper,1,00:00:03,00:27:07,00:00:21
2024/10/18,09:00,Delivered - Chat,Chat_Awara,Return_1st - Retained Firm Topper,1,00:00:03,00:17:57,00:05:24
2024/10/18,09:00,Delivered - Chat,Chat_DreamCloud,Return_1st - Retained - Cross-Sell,1,00:00:03,00:46:06,00:00:04
2024/10/18,09:00,Delivered - Chat,Chat_Nectar,Return_1st - Retained - Cross-Sell,1,00:00:03,00:19:02,00:02:35
2024/10/18,09:00,Delivered - Chat,Chat_DreamCloud,Unresponsive Customer,1,00:00:05,00:07:50,00:04:54
2024/10/18,09:00,Delivered - Chat,Chat_DreamCloud,Unresolved Interaction,1,00:00:04,00:08:14,00:05:17
2024/10/18,09:00,Delivered - Chat,Chat_Nectar,Manufacturing Defect_1st - 1-60 Days,1,00:00:06,00:25:22,00:05:25
2024/10/18,09:00,Delivered - Chat,Chat_DreamCloud,Unresponsive Customer,1,00:00:03,00:07:15,00:04:17
2024/10/18,09:00,Delivered - Chat,Chat_DreamCloud,Return_1st - Damage Product,1,00:00:05,00:28:03,00:11:43
2024/10/18,09:00,Delivered - Chat,Chat_Nectar,Warranty Claim 61 Plus Days_1st,1,00:00:05,00:12:44,00:00:16
2024/10/18,09:00,Delivered - Chat,Chat_DreamCloud,Unresponsive Customer,1,00:00:06,00:09:39,00:06:35
2024/10/18,09:00,Early Returns - Chat,Chat_DreamCloud,Return_1st - Comfort Issue,1,00:00:05,00:56:15,00:10:58
2024/10/18,09:00,Early Returns - Chat,Chat_DreamCloud,Product Inquiry,1,00:00:02,00:13:54,00:00:05
2024/10/18,09:00,Early Returns - Chat,Chat_Nectar,Product Inquiry,1,00:00:04,00:09:33,00:07:42
2024/10/18,09:00,Early Returns - Chat,Chat_Nectar,Return_2nd - Comfort Issue,1,00:00:05,00:25:36,00:01:12
2024/10/18,09:00,Early Returns - Chat,Chat_Nectar,Return_1st - 30-day adjustment,1,00:00:06,00:29:22,00:08:15
2024/10/18,09:00,Early Returns - Chat,Chat_DreamCloud,Return_1st - 30-day adjustment,1,00:00:05,00:23:40,00:07:29
2024/10/18,09:00,EOT Delivered - Chat,Chat_Nectar,Warranty Claim 61 Plus Days_1st,1,00:00:06,00:20:46,00:01:11
2024/10/18,09:00,EOT Delivered - Chat,Chat_DreamCloud,Warranty Claim 61 Plus Days_1st,1,00:00:06,00:13:20,00:05:55
2024/10/18,09:00,EOT Delivered - Chat,Chat_Nectar,Warranty Claim 61 Plus Days_2nd,1,00:00:07,00:06:37,00:02:12
2024/10/18,09:00,EOT Delivered - Chat,Chat_Nectar,Unresponsive Customer,1,00:00:02,00:03:57,00:03:47
2024/10/18,09:00,In Transit - Chat,Chat_Nectar,Product Inquiry,1,00:00:04,00:11:20,00:00:11
2024/10/18,09:00,In Transit - Chat,Chat_Nectar,Return_1st - Comfort Issue,1,00:00:06,00:19:46,00:04:50
2024/10/18,09:00,In Transit - Chat,Chat_Nectar,Parts- Transfer to Serveco,1,00:00:06,00:54:53,00:06:06
2024/10/18,09:00,In Transit - Chat,Chat_Nectar,Unresolved Interaction,1,00:00:05,00:09:07,00:04:55
2024/10/18,09:00,In Transit - Chat,Chat_Nectar,WISMO- In Transit,1,00:00:02,00:19:57,00:01:01
2024/10/18,09:00,Inbound Sales - Chat,Chat_Nectar,Refund Status Inquiry,1,00:00:02,00:10:50,00:00:03
2024/10/18,09:00,Inbound Sales - Chat,Chat_DreamCloud,EC - Sellable Not Sold,1,00:00:04,00:05:57,00:00:54
2024/10/18,09:00,Inbound Sales - Chat,Chat_Nectar,Unresolved Interaction,1,00:00:04,00:00:24,00:00:19
2024/10/18,09:00,Inbound Sales - Chat,Chat_Nectar,EC - Sellable Not Sold,1,00:00:05,00:09:39,00:01:55
2024/10/18,09:00,Inbound Sales - Chat,Chat_Nectar,Unresponsive Customer,1,00:00:02,00:04:20,00:00:41
2024/10/18,09:00,Inbound Sales - Chat,Chat_DreamCloud,Sales- Sellable- No- Offer- Made,1,00:00:06,00:10:56,00:00:06
2024/10/18,09:00,Inbound Sales - Chat,Chat_Nectar,Unresolved Interaction,1,00:00:03,00:22:31,00:00:19
2024/10/18,09:00,Inbound Sales - Chat,Chat_Nectar,Unresponsive Customer,1,00:00:04,00:08:21,00:00:15
2024/10/18,09:00,Inbound Sales - Chat,Chat_DreamCloud,Sales- Sellable- Offer Made- Follow Up,1,00:00:06,00:05:15,00:02:20
2024/10/18,09:00,Inbound Sales - Chat,Chat_DreamCloud,Product Inquiry,1,00:00:03,00:04:06,00:00:05
2024/10/18,09:00,Inbound Sales - Chat,Chat_DreamCloud,Product Inquiry,1,00:00:05,00:01:48,00:00:00
2024/10/18,09:00,Inbound Sales - Chat,Chat_DreamCloud,Unresolved Interaction,1,00:00:06,00:15:45,00:00:03
2024/10/18,09:00,Inbound Sales - Chat,Chat_Nectar,EC - Sellable Not Sold,1,00:00:02,00:09:47,00:01:35
2024/10/18,09:00,Inbound Sales - Chat,Chat_Nectar,Order Details Question,1,00:00:06,00:01:16,00:00:00
2024/10/18,09:00,Inbound Sales - Chat,Chat_Nectar,Sales- Sellable- Offer Made- Not Sold,1,00:00:04,00:35:45,00:06:42
2024/10/18,09:00,Inbound Sales - Chat,Chat_Nectar,Unresolved Interaction,1,00:00:03,00:08:51,00:02:13
2024/10/18,09:00,Inbound Sales - Chat,Chat_Nectar,Sales- Sellable- Offer Made- Follow Up,1,00:00:05,00:28:46,00:00:17
2024/10/18,09:00,Inbound Sales - Chat,Chat_DreamCloud,Sales- Sellable- Offer Made- Not Sold,1,00:00:02,01:06:38,00:02:10
2024/10/18,09:00,Inbound Sales - Chat,Chat_Nectar,Sales- Sellable- No- Offer- Made,1,00:00:04,00:06:48,00:00:57
2024/10/18,09:00,Inbound Sales - Chat,Chat_Nectar,Refund Status Inquiry,1,00:00:04,00:51:24,00:03:17
2024/10/18,09:00,Inbound Sales - Chat,Chat_Nectar,Sales- Sellable- Offer Made- Not Sold,1,00:00:06,00:24:01,00:00:44
2024/10/18,09:00,Inbound Sales - Chat,Chat_DreamCloud,Unresolved Interaction,1,00:00:07,00:03:18,00:02:55
2024/10/18,09:00,Inbound Sales - Chat,Chat_DreamCloud,Unresolved Interaction,1,00:00:06,00:35:01,00:00:47
2024/10/18,09:00,Inbound Sales - Chat,Chat_Nectar,Sales- Sellable- Offer Made- Not Sold,1,00:00:06,00:22:39,00:04:48
2024/10/18,09:00,Inbound Sales - Chat,Chat_Nectar,Sales- Sellable- No- Offer- Made,1,00:00:02,00:03:56,00:00:00
2024/10/18,09:00,Inbound Sales - Chat,Chat_Nectar,Sales- Sellable- Offer Made- Not Sold,1,00:00:02,00:18:20,00:07:22
2024/10/18,09:00,Inbound Sales - Chat,Chat_Nectar,Sales- Sellable- Offer Made- Follow Up,1,00:00:06,00:09:01,00:02:01
2024/10/18,09:00,Inbound Sales - Chat,Chat_DreamCloud,Sales- Sellable- Offer Made- Not Sold,1,00:00:03,00:34:23,00:00:43
2024/10/18,09:00,Inbound Sales - Chat,Chat_DreamCloud,Sales- Sellable- Offer Made- Follow Up,1,00:00:03,00:24:01,00:07:23
2024/10/18,09:00,Inbound Sales - Chat,Chat_Nectar,Sales- Sellable- No- Offer- Made,1,00:00:03,00:08:54,00:02:16
2024/10/18,09:00,Inbound Sales - Chat,Chat_DreamCloud,Unresolved Interaction,1,00:00:04,00:05:41,00:02:44
2024/10/18,09:00,Inbound Sales - Chat,Chat_Siena,Fiberglass Inquiry,1,00:00:04,00:07:52,00:00:42
2024/10/18,09:00,Pre Transit - Chat,Chat_DreamCloud,Refund Status Inquiry,1,00:00:05,00:02:19,00:01:14
2024/10/18,09:00,Pre Transit - Chat,Chat_DreamCloud,Refund Status Inquiry,1,00:00:04,00:19:05,00:03:08
2024/10/18,09:00,Pre Transit - Chat,Chat_Nectar,WISMO- Pre Transit in SLA,1,00:00:06,00:11:14,00:03:02
2024/10/18,09:00,Pre Transit - Chat,Chat_Nectar,Unresolved Interaction,1,00:00:05,00:07:15,00:02:22
2024/10/18,09:00,Pre Transit - Chat,Chat_DreamCloud,Order Details Question,1,00:00:05,00:09:54,00:02:25
2024/10/18,09:00,Pre Transit - Chat,Chat_Nectar,Order Details Question,1,00:00:03,00:24:56,00:00:56
2024/10/18,09:00,Pre-Transit_Cancellations - Chat,Chat_Nectar,Return_2nd - Retained - Product Confidence,1,00:00:05,00:14:35,00:01:17
2024/10/18,09:00,Pre-Transit_Cancellations - Chat,Chat_Awara,Return_1st - Comfort Issue,1,00:00:06,00:45:21,00:03:52
2024/10/18,09:00,Pre-Transit_Cancellations - Chat,Chat_DreamCloud,Sales- Sellable- Offer Made- Follow Up,1,00:00:02,00:16:20,00:00:48
2024/10/18,09:00,Pre-Transit_Cancellations - Chat,Chat_Nectar,Cancellation Pre Transit,1,00:00:05,00:35:49,00:06:14
2024/10/18,10:00,Delivered - Chat,Chat_DreamCloud,Unresolved Interaction,1,00:00:05,00:29:15,00:03:09
2024/10/18,10:00,Delivered - Chat,Chat_Nectar,Product Inquiry,1,00:00:05,00:12:21,00:04:08
2024/10/18,10:00,Delivered - Chat,Chat_DreamCloud,Unresolved Interaction,1,00:00:02,00:05:13,00:04:11
2024/10/18,10:00,Delivered - Chat,Chat_DreamCloud,Unresolved Interaction,1,00:00:03,00:14:20,00:09:13
2024/10/18,10:00,Delivered - Chat,Chat_DreamCloud,Return_1st - Comfort Issue,1,00:00:05,00:12:22,00:00:48
2024/10/18,10:00,Delivered - Chat,Chat_Nectar,ABF_1st - Troubleshooting,1,00:00:04,00:15:46,00:02:31
2024/10/18,10:00,Delivered - Chat,Chat_Nectar,Order Details Question,1,00:00:05,00:26:13,00:05:18
2024/10/18,10:00,Delivered - Chat,Chat_DreamCloud,Manufacturing Defect_1st - 1-60 Days,1,00:00:04,00:18:09,00:00:22
2024/10/18,10:00,Delivered - Chat,Chat_Nectar,Refund Status Inquiry,1,00:00:05,00:26:59,00:00:06
2024/10/18,10:00,Delivered - Chat,Chat_Nectar,Order Details Question,1,00:00:03,00:15:43,00:02:03
2024/10/18,10:00,Delivered - Chat,Chat_DreamCloud,WGS General Inquiry,1,00:00:04,00:25:56,00:02:44
2024/10/18,10:00,Delivered - Chat,Chat_DreamCloud,Warranty Claim 61 Plus Days_1st,1,00:00:02,00:22:10,00:01:49
2024/10/18,10:00,Early Returns - Chat,Chat_Nectar,Order Details Question,1,00:00:06,00:10:15,00:00:05
2024/10/18,10:00,Early Returns - Chat,Chat_Nectar,Return_1st - 30-day adjustment,1,00:00:05,00:12:10,00:04:03
2024/10/18,10:00,Early Returns - Chat,Chat_Nectar,Return_1st - Comfort Issue,1,00:00:03,00:22:19,00:00:24
2024/10/18,10:00,Early Returns - Chat,Chat_DreamCloud,Order Details Question,1,00:00:03,00:59:31,00:01:30
2024/10/18,10:00,Early Returns - Chat,Chat_Siena,Order Details Question,1,00:00:07,00:22:41,00:02:19
2024/10/18,10:00,Early Returns - Chat,Chat_Siena,Return_1st - Incorrect Order,1,00:00:03,01:09:49,00:00:30
2024/10/18,10:00,Early Returns - Chat,Chat_DreamCloud,Return_2nd - Retained  Firm Topper,1,00:00:05,00:08:28,00:03:49
2024/10/18,10:00,Early Returns - Chat,Chat_Nectar,Unresponsive Customer,1,00:00:06,00:13:17,00:04:21
2024/10/18,10:00,Early Returns - Chat,Chat_DreamCloud,WISMO- Pre Transit in SLA,1,00:00:05,00:18:38,00:03:43
2024/10/18,10:00,Early Returns - Chat,Chat_Nectar,Return_1st - No Longer Needed,1,00:00:04,00:15:51,00:00:23
2024/10/18,10:00,EOT Delivered - Chat,Chat_Nectar,Order Details Question,1,00:00:06,00:12:04,00:00:55
2024/10/18,10:00,EOT Delivered - Chat,Chat_Nectar,Warranty Claim 61 Plus Days_2nd,1,00:00:04,00:23:54,00:01:32
2024/10/18,10:00,EOT Delivered - Chat,Chat_DreamCloud,Unresolved Interaction,1,00:00:04,00:09:20,00:00:44
2024/10/18,10:00,EOT Delivered - Chat,Chat_Nectar,Ghost Call,1,00:00:04,00:11:02,00:02:35
2024/10/18,10:00,EOT Delivered - Chat,Chat_Nectar,Order Details Question,1,00:00:06,00:08:58,00:00:56
2024/10/18,10:00,EOT Delivered - Chat,Chat_Nectar,Warranty Claim 61 Plus Days_1st,1,00:00:03,00:07:56,00:00:07
2024/10/18,10:00,EOT Delivered - Chat,Chat_Nectar,Product Inquiry,1,00:00:05,00:04:18,00:01:56
2024/10/18,10:00,In Transit - Chat,Chat_Nectar,Order Details Question,1,00:00:04,00:36:40,00:01:14
2024/10/18,10:00,In Transit - Chat,Chat_Nectar,Damage in Transit Claim Inquiry,1,00:00:05,00:23:26,00:00:15
2024/10/18,10:00,In Transit - Chat,Chat_Nectar,Order Details Question,1,00:00:03,00:16:48,00:01:19
2024/10/18,10:00,In Transit - Chat,Chat_DreamCloud,WISMO- Pre Transit in SLA,1,00:00:03,00:17:40,00:07:05
2024/10/18,10:00,In Transit - Chat,Chat_Nectar,WGS General Inquiry,1,00:00:05,00:12:48,00:01:10
2024/10/18,10:00,In Transit - Chat,Chat_DreamCloud,WISMO- In Transit,1,00:00:03,00:16:54,00:05:14
2024/10/18,10:00,Inbound Sales - Chat,Chat_DreamCloud,EC - Sales- Sold,1,00:00:03,00:10:04,00:00:48
2024/10/18,10:00,Inbound Sales - Chat,Chat_Nectar,Sales- Sellable- Offer Made- Not Sold,1,00:00:02,00:15:56,00:01:21
2024/10/18,10:00,Inbound Sales - Chat,Chat_Nectar,EC - Sales- Sold,1,00:00:03,00:16:01,00:01:57
2024/10/18,10:00,Inbound Sales - Chat,Chat_DreamCloud,Sales- Sellable- Offer Made- Not Sold,1,00:00:03,00:12:20,00:02:07
2024/10/18,10:00,Inbound Sales - Chat,Chat_Nectar,Product Inquiry,1,00:00:07,00:08:38,00:00:13
2024/10/18,10:00,Inbound Sales - Chat,Chat_Nectar,Sales- Sellable- Offer Made- Not Sold,1,00:00:03,00:18:52,00:04:08
2024/10/18,10:00,Inbound Sales - Chat,Chat_Nectar,Sales- Sellable- Offer Made- Not Sold,1,00:00:07,00:15:09,00:06:23
2024/10/18,10:00,Inbound Sales - Chat,Chat_Nectar,Sales- Sellable- Offer Made- Not Sold,1,00:00:02,00:30:12,00:02:53
2024/10/18,10:00,Inbound Sales - Chat,Chat_Nectar,EC - Sellable Not Sold,1,00:00:03,00:12:01,00:03:03
2024/10/18,10:00,Inbound Sales - Chat,Chat_DreamCloud,Sales- Sellable- Offer Made- Not Sold,1,00:00:04,00:42:13,00:00:00
2024/10/18,10:00,Inbound Sales - Chat,Chat_Nectar,Sales- Sellable- Offer Made- Not Sold,1,00:00:04,00:16:25,00:06:22
2024/10/18,10:00,Inbound Sales - Chat,Chat_DreamCloud,Sales- Sellable- Offer Made- Follow Up,1,00:00:02,00:11:57,00:05:51
2024/10/18,10:00,Inbound Sales - Chat,Chat_Nectar,Sales- Sellable- Offer Made- Follow Up,1,00:00:03,00:32:26,00:01:24
2024/10/18,10:00,Inbound Sales - Chat,Chat_Nectar,Ghost Call,1,00:00:03,00:02:17,00:02:15
2024/10/18,10:00,Inbound Sales - Chat,Chat_DreamCloud,Sales- Sellable- Offer Made- Not Sold,1,00:00:06,00:12:56,00:00:54
2024/10/18,10:00,Inbound Sales - Chat,Chat_Nectar,Sales- Sellable- Offer Made- Not Sold,1,00:00:05,00:06:39,00:01:55
2024/10/18,10:00,Inbound Sales - Chat,Chat_Nectar,Sales- Sellable- Offer Made- Not Sold,1,00:00:04,00:25:57,00:04:58
2024/10/18,10:00,Inbound Sales - Chat,Chat_Nectar,Sales- Sellable- Sold,1,00:00:06,01:08:33,00:13:13
2024/10/18,10:00,Inbound Sales - Chat,Chat_Nectar,Sales- Sellable- Offer Made- Not Sold,1,00:00:03,00:11:47,00:00:13
2024/10/18,10:00,Inbound Sales - Chat,Chat_Nectar,Product Inquiry,1,00:00:05,00:07:54,00:02:15
2024/10/18,10:00,Inbound Sales - Chat,Chat_DreamCloud,Sales- Sellable- No- Offer- Made,1,00:00:05,00:09:45,00:00:14
2024/10/18,10:00,Inbound Sales - Chat,Chat_Nectar,Sales- Sellable- Offer Made- Not Sold,1,00:00:03,00:16:14,00:01:35
2024/10/18,10:00,Inbound Sales - Chat,Chat_Nectar,Refund Status Inquiry,1,00:00:02,00:18:48,00:00:40
2024/10/18,10:00,Inbound Sales - Chat,Chat_Nectar,Sales- Sellable- Offer Made- Not Sold,1,00:00:02,00:07:33,00:02:45
2024/10/18,10:00,Inbound Sales - Chat,Chat_Nectar,Retail Inquiry,1,00:00:06,00:09:01,00:00:11
2024/10/18,10:00,Inbound Sales - Chat,Chat_DreamCloud,Sales- Sellable- Offer Made- Follow Up,1,00:00:06,00:26:51,00:00:27
2024/10/18,10:00,Inbound Sales - Chat,Chat_Nectar,Return_1st - Retained - Final Sale,1,00:00:03,00:55:42,00:00:56
2024/10/18,10:00,Inbound Sales - Chat,Chat_Nectar,Sales- Sellable- Offer Made- Follow Up,1,00:00:05,00:18:56,00:03:10
2024/10/18,10:00,Inbound Sales - Chat,Chat_Nectar,WGS General Inquiry,1,00:00:07,00:08:35,00:01:23
2024/10/18,10:00,Pre Transit - Chat,Chat_DreamCloud,WISMO- Pre Transit Out of SLA,1,00:00:06,00:07:25,00:00:29
2024/10/18,10:00,Pre-Transit_Cancellations - Chat,Chat_Nectar,Cancellation Pre Transit,1,00:00:06,00:27:36,00:00:46
2024/10/18,10:00,Pre-Transit_Cancellations - Chat,Chat_Nectar,Order Details Question,1,00:00:05,00:16:35,00:06:16
2024/10/18,10:00,Pre-Transit_Cancellations - Chat,Chat_Nectar,EC - Referral,1,00:00:07,00:23:46,00:00:50
2024/10/18,10:00,Pre-Transit_Cancellations - Chat,Chat_DreamCloud,EC - Referral,1,00:00:04,00:45:58,00:05:43
2024/10/18,11:00,Delivered - Chat,Chat_Nectar,Product Inquiry,1,00:00:03,00:12:43,00:00:54
2024/10/18,11:00,Delivered - Chat,Chat_DreamCloud,Proof of Purchase_Refund Request,1,00:00:04,00:11:23,00:00:59
2024/10/18,11:00,Delivered - Chat,Chat_Nectar,Unresolved Interaction,1,00:00:06,00:12:09,00:05:32
2024/10/18,11:00,Delivered - Chat,Chat_DreamCloud,Return_1st - Comfort Issue,1,00:00:06,00:26:04,00:05:10
2024/10/18,11:00,Early Returns - Chat,Chat_Nectar,Unresponsive Customer,1,00:00:03,00:10:25,00:00:00
2024/10/18,11:00,Early Returns - Chat,Chat_Nectar,Order Details Question,1,00:00:03,00:32:28,00:02:11
2024/10/18,11:00,Early Returns - Chat,Chat_DreamCloud,Return_1st - WGS,1,00:00:06,00:20:04,00:03:43
2024/10/18,11:00,Early Returns - Chat,Chat_DreamCloud,Refund Status Inquiry,1,00:00:06,00:21:57,00:01:24
2024/10/18,11:00,Early Returns - Chat,Chat_DreamCloud,Product Inquiry,1,00:00:06,00:10:40,00:01:52
2024/10/18,11:00,Early Returns - Chat,Chat_DreamCloud,Order Details Question,1,00:00:02,00:18:45,00:07:08
2024/10/18,11:00,Early Returns - Chat,Chat_Nectar,Refund Status Inquiry,1,00:00:03,00:12:33,00:00:30
2024/10/18,11:00,Early Returns - Chat,Chat_Nectar,Damage in Transit Claim Inquiry,1,00:00:04,00:49:58,00:00:10
2024/10/18,11:00,Early Returns - Chat,Chat_Nectar,Exchange Wrong Product_Wrong Size,1,00:00:06,00:25:25,00:03:18
2024/10/18,11:00,Early Returns - Chat,Chat_DreamCloud,Return_1st - No Longer Needed,1,00:00:05,00:31:53,00:00:12
2024/10/18,11:00,EOT Delivered - Chat,Chat_Nectar,Order Details Question,1,00:00:05,00:15:40,00:00:21
2024/10/18,11:00,In Transit - Chat,Chat_DreamCloud,WISMO- Pre Transit Out of SLA,1,00:00:03,00:14:05,00:07:52
2024/10/18,11:00,In Transit - Chat,Chat_DreamCloud,Order Details Question,1,00:00:04,00:07:33,00:00:03
2024/10/18,11:00,In Transit - Chat,Chat_Nectar,Order Details Question,1,00:00:04,00:23:53,00:13:32
2024/10/18,11:00,In Transit - Chat,Chat_Nectar,Product Inquiry,1,00:00:05,00:13:29,00:05:26
2024/10/18,11:00,In Transit - Chat,Chat_Nectar,WISMO- In Transit,1,00:00:05,00:06:34,00:00:41
2024/10/18,11:00,In Transit - Chat,Chat_DreamCloud,Order Details Question,1,00:00:05,00:13:48,00:06:57
2024/10/18,11:00,In Transit - Chat,Chat_DreamCloud,WISMO- In Transit,1,00:00:06,00:15:26,00:03:57
2024/10/18,11:00,Inbound Sales - Chat,Chat_Nectar,Unresolved Interaction,1,00:00:03,00:04:09,00:00:35
2024/10/18,11:00,Inbound Sales - Chat,Chat_Nectar,Sales- Sellable- Offer Made- Not Sold,1,00:00:05,00:09:35,00:00:05
2024/10/18,11:00,Inbound Sales - Chat,Chat_Nectar,Product Inquiry,1,00:00:04,00:08:55,00:00:14
2024/10/18,11:00,Inbound Sales - Chat,Chat_DreamCloud,Unresolved Interaction,1,00:00:04,00:02:07,00:00:15
2024/10/18,11:00,Inbound Sales - Chat,Chat_Nectar,Product Inquiry,1,00:00:06,00:14:38,00:00:36
2024/10/18,11:00,Inbound Sales - Chat,Chat_Nectar,Sales- Sellable- Offer Made- Not Sold,1,00:00:05,00:14:51,00:00:05
2024/10/18,11:00,Inbound Sales - Chat,Chat_Nectar,EC - Sales- Sold,1,00:00:05,00:33:53,00:07:00
2024/10/18,11:00,Inbound Sales - Chat,Chat_Nectar,Sales- Sellable- Offer Made- Not Sold,1,00:00:04,00:13:10,00:00:46
2024/10/18,11:00,Inbound Sales - Chat,Chat_Siena,Unresolved Interaction,1,00:00:04,00:04:05,00:00:18
2024/10/18,11:00,Inbound Sales - Chat,Chat_Nectar,Sales- Sellable- Offer Made- Follow Up,1,00:00:05,00:16:12,00:01:31
2024/10/18,11:00,Inbound Sales - Chat,Chat_Nectar,Sales- Sellable- No- Offer- Made,1,00:00:07,00:09:24,00:01:08
2024/10/18,11:00,Inbound Sales - Chat,Chat_Nectar,EC - Sales- Sold,1,00:00:04,00:55:48,00:12:32
2024/10/18,11:00,Inbound Sales - Chat,Chat_DreamCloud,Unresolved Interaction,1,00:00:02,00:16:27,00:04:10
2024/10/18,11:00,Inbound Sales - Chat,Chat_Nectar,Unresolved Interaction,1,00:00:04,00:18:29,00:00:10
2024/10/18,11:00,Inbound Sales - Chat,Chat_Nectar,Sales- Sellable- Sold,1,00:00:03,00:09:16,00:00:11
2024/10/18,11:00,Inbound Sales - Chat,Chat_DreamCloud,Sales- Sellable- Offer Made- Not Sold,1,00:00:04,00:13:48,00:00:06
2024/10/18,11:00,Inbound Sales - Chat,Chat_Nectar,Sales- Sellable- Offer Made- Not Sold,1,00:00:05,00:22:56,00:07:28
2024/10/18,11:00,Inbound Sales - Chat,Chat_DreamCloud,Sales- Sellable- Offer Made- Follow Up,1,00:00:07,00:30:13,00:09:02
2024/10/18,11:00,Inbound Sales - Chat,Chat_Nectar,Sales- Sellable- Offer Made- Not Sold,1,00:00:05,00:22:57,00:00:39
2024/10/18,11:00,Inbound Sales - Chat,Chat_Nectar,Sales- Sellable- Offer Made- Not Sold,1,00:00:04,00:08:24,00:00:50
2024/10/18,11:00,Inbound Sales - Chat,Chat_Nectar,Unresolved Interaction,1,00:00:03,00:09:06,00:05:13
2024/10/18,11:00,Inbound Sales - Chat,Chat_Nectar,Sales- Sellable- Offer Made- Not Sold,1,00:00:04,00:19:14,00:02:21
2024/10/18,11:00,Inbound Sales - Chat,Chat_DreamCloud,Sales- Sellable- Offer Made- Follow Up,1,00:00:03,00:09:27,00:01:30
2024/10/18,11:00,Inbound Sales - Chat,Chat_Nectar,Sales- Sellable- Offer Made- Not Sold,1,00:00:04,00:16:21,00:02:05
2024/10/18,11:00,Inbound Sales - Chat,Chat_Nectar,Product Inquiry,1,00:00:04,00:30:58,00:22:02
2024/10/18,11:00,Pre-Transit_Cancellations - Chat,Chat_DreamCloud,Order Details Question,1,00:00:03,00:19:48,00:10:13
2024/10/18,11:00,Pre-Transit_Cancellations - Chat,Chat_Nectar,WISMO- Pre Transit in SLA,1,00:00:04,00:13:32,00:00:13
2024/10/18,11:00,Pre-Transit_Cancellations - Chat,Chat_Siena,Unresponsive Customer,1,00:00:05,00:04:36,00:04:31
2024/10/18,11:00,Pre-Transit_Cancellations - Chat,Chat_Nectar,Unresolved Interaction,1,00:00:05,00:16:09,00:11:20
2024/10/18,11:00,Pre-Transit_Cancellations - Chat,Chat_Nectar,Order Details Question,1,00:00:03,00:15:13,00:00:35
2024/10/18,11:00,Pre-Transit_Cancellations - Chat,Chat_Nectar,Warranty Claim 61 Plus Days_1st,1,00:00:03,00:08:35,00:02:00
2024/10/18,11:00,Pre-Transit_Cancellations - Chat,Chat_Nectar,EC - Referral,1,00:00:02,00:13:38,00:06:43
2024/10/18,11:00,Pre-Transit_Cancellations - Chat,Chat_Nectar,Cancellation- Saved Pre Transit,1,00:00:04,00:14:55,00:00:58
2024/10/18,11:00,Pre-Transit_Cancellations - Chat,Chat_Siena,COA Request,1,00:00:03,00:16:35,00:06:55
2024/10/18,12:00,Delivered - Chat,Chat_Nectar,Refund Status Inquiry,1,00:00:05,00:18:29,00:07:05
2024/10/18,12:00,Delivered - Chat,Chat_Nectar,Return_1st - Comfort Issue,1,00:00:04,00:12:28,00:01:51
2024/10/18,12:00,Delivered - Chat,Chat_Nectar,Return_1st - Retained Firm Topper,1,00:00:06,00:23:38,00:00:18
2024/10/18,12:00,Delivered - Chat,Chat_Nectar,Return_1st - Comfort Issue,1,00:00:06,00:28:15,00:05:09
2024/10/18,12:00,Delivered - Chat,Chat_DreamCloud,Troubleshooting- Resolved,1,00:00:05,00:11:10,00:00:12
2024/10/18,12:00,Delivered - Chat,Chat_DreamCloud,Warranty Claim 61 Plus Days_1st,1,00:00:02,00:46:07,00:00:00
2024/10/18,12:00,Early Returns - Chat,Chat_Awara,Sales- Sellable- Sold,1,00:00:06,00:27:43,00:03:29
2024/10/18,12:00,Early Returns - Chat,Chat_Nectar,Damage in Transit Claim Inquiry,1,00:00:03,00:11:12,00:07:31
2024/10/18,12:00,Early Returns - Chat,Chat_DreamCloud,Lost Claim Inquiry,1,00:00:02,00:51:25,00:00:00
2024/10/18,12:00,Early Returns - Chat,Chat_DreamCloud,Return_1st - 30-day adjustment,1,00:00:07,00:23:20,00:01:32
2024/10/18,12:00,Early Returns - Chat,Chat_Siena,Order Details Question,1,00:00:03,00:07:33,00:00:00
2024/10/18,12:00,Early Returns - Chat,Chat_DreamCloud,Product Inquiry,1,00:00:05,00:10:52,00:05:28
2024/10/18,12:00,EOT Delivered - Chat,Chat_DreamCloud,WGS General Inquiry,1,00:00:04,00:05:18,00:00:59
2024/10/18,12:00,EOT Delivered - Chat,Chat_DreamCloud,Order Details Question,1,00:00:03,00:24:06,00:02:08
2024/10/18,12:00,EOT Delivered - Chat,Chat_Nectar,Product Inquiry,1,00:00:03,00:12:49,00:08:56
2024/10/18,12:00,EOT Delivered - Chat,Chat_DreamCloud,Warranty Claim 61 Plus Days_2nd,1,00:00:03,01:02:03,00:00:12
2024/10/18,12:00,In Transit - Chat,Chat_Nectar,Price matching,1,00:00:06,00:20:09,00:01:44
2024/10/18,12:00,In Transit - Chat,Chat_Nectar,WISMO- Pre Transit in SLA,1,00:00:03,00:26:41,00:08:49
2024/10/18,12:00,In Transit - Chat,Chat_DreamCloud,WGS- WISMO Pre Delivery,1,00:00:03,00:13:57,00:01:49
2024/10/18,12:00,In Transit - Chat,Chat_DreamCloud,Order Details Question,1,00:00:06,00:35:45,00:00:53
2024/10/18,12:00,In Transit - Chat,Chat_Awara,Product Inquiry,1,00:00:03,00:16:57,00:05:32
2024/10/18,12:00,In Transit - Chat,Chat_Nectar,Order Details Question,1,00:00:03,00:16:51,00:05:10
2024/10/18,12:00,Inbound Sales - Chat,Chat_Nectar,Sales- Sellable- Offer Made- Not Sold,1,00:00:04,00:02:15,00:01:16
2024/10/18,12:00,Inbound Sales - Chat,Chat_Nectar,Sales- Sellable- Offer Made- Not Sold,1,00:00:05,00:30:33,00:05:00
2024/10/18,12:00,Inbound Sales - Chat,Chat_DreamCloud,Sales- Sellable- Offer Made- Follow Up,1,00:00:05,00:30:32,00:00:55
2024/10/18,12:00,Inbound Sales - Chat,Chat_DreamCloud,ABF_1st - Troubleshooting,1,00:00:03,00:13:36,00:02:31
2024/10/18,12:00,Inbound Sales - Chat,Chat_DreamCloud,Product Inquiry,1,00:00:07,00:19:00,00:00:04
2024/10/18,12:00,Inbound Sales - Chat,Chat_Nectar,Sales- Sellable- Offer Made- Not Sold,1,00:00:03,00:26:40,00:02:33
2024/10/18,12:00,Inbound Sales - Chat,Chat_DreamCloud,Order Details Question,1,00:00:03,00:38:15,00:13:45
2024/10/18,12:00,Inbound Sales - Chat,Chat_Nectar,ABF_1st - Troubleshooting,1,00:00:04,00:22:26,00:00:00
2024/10/18,12:00,Inbound Sales - Chat,Chat_Nectar,Sales- Sellable- Offer Made- Not Sold,1,00:00:04,00:58:55,00:03:54
2024/10/18,12:00,Inbound Sales - Chat,Chat_DreamCloud,Sales- Sellable- Offer Made- Not Sold,1,00:00:06,00:52:14,00:02:38
2024/10/18,12:00,Inbound Sales - Chat,Chat_Nectar,Sales- Sellable- Offer Made- Not Sold,1,00:00:05,00:28:14,00:22:08
2024/10/18,12:00,Inbound Sales - Chat,Chat_Nectar,EC - Sales- Sold,1,00:00:03,00:57:52,00:06:02
2024/10/18,12:00,Inbound Sales - Chat,Chat_DreamCloud,Sales- Sellable- Offer Made- Not Sold,1,00:00:05,00:22:44,00:02:59
2024/10/18,12:00,Inbound Sales - Chat,Chat_Nectar,Unresolved Interaction,1,00:00:06,00:03:35,00:00:11
2024/10/18,12:00,Inbound Sales - Chat,Chat_DreamCloud,Sales- Sellable- Offer Made- Not Sold,1,00:00:02,00:03:27,00:00:10
2024/10/18,12:00,Inbound Sales - Chat,Chat_Nectar,Sales- Sellable- Offer Made- Not Sold,1,00:00:04,00:14:18,00:00:00
2024/10/18,12:00,Inbound Sales - Chat,Chat_Awara,Product Inquiry,1,00:00:05,00:28:40,00:02:33
2024/10/18,12:00,Inbound Sales - Chat,Chat_Nectar,Sales- Sellable- Offer Made- Not Sold,1,00:00:06,00:09:49,00:01:04
2024/10/18,12:00,Inbound Sales - Chat,Chat_Nectar,Sales- Sellable- Offer Made- Not Sold,1,00:00:05,00:14:20,00:02:04
2024/10/18,12:00,Inbound Sales - Chat,Chat_Nectar,Sales- Sellable- No- Offer- Made,1,00:00:03,00:02:27,00:00:31
2024/10/18,12:00,Inbound Sales - Chat,Chat_DreamCloud,Sales- Sellable- Sold,1,00:00:06,00:21:51,00:07:46
2024/10/18,12:00,Inbound Sales - Chat,Chat_DreamCloud,Sales- Sellable- Offer Made- Follow Up,1,00:00:06,00:15:11,00:00:03
2024/10/18,12:00,Inbound Sales - Chat,Chat_Nectar,Sales- Sellable- Offer Made- Not Sold,1,00:00:04,00:24:04,00:02:33
2024/10/18,12:00,Inbound Sales - Chat,Chat_DreamCloud,Unresolved Interaction,1,00:00:06,00:21:19,00:00:07
2024/10/18,12:00,Inbound Sales - Chat,Chat_Nectar,Sales- Sellable- Sold,1,00:00:02,00:26:23,00:00:00
2024/10/18,12:00,Inbound Sales - Chat,Chat_DreamCloud,Sales- Sellable- Offer Made- Not Sold,1,00:00:04,00:48:21,00:06:07
2024/10/18,12:00,Inbound Sales - Chat,Chat_Nectar,Fiberglass Inquiry,1,00:00:05,00:05:39,00:02:00
2024/10/18,12:00,Inbound Sales - Chat,Chat_DreamCloud,Sales- Sellable- Offer Made- Not Sold,1,00:00:05,00:35:15,00:16:26
2024/10/18,12:00,Inbound Sales - Chat,Chat_DreamCloud,Sales- Sellable- Offer Made- Follow Up,1,00:00:04,00:08:39,00:00:52
2024/10/18,12:00,Inbound Sales - Chat,Chat_Nectar,Sales- Sellable- Offer Made- Not Sold,1,00:00:06,00:25:30,00:00:00
2024/10/18,12:00,Inbound Sales - Chat,Chat_Nectar,Sales- Sellable- Offer Made- Not Sold,1,00:00:06,00:32:06,00:03:17
2024/10/18,12:00,Inbound Sales - Chat,Chat_Nectar,Product Inquiry,1,00:00:03,00:22:04,00:05:30
2024/10/18,12:00,Inbound Sales - Chat,Chat_Nectar,Sales- Sellable- Offer Made- Not Sold,1,00:00:06,00:25:56,00:09:41
2024/10/18,12:00,Inbound Sales - Chat,Chat_DreamCloud,Ghost Call,1,00:00:06,00:01:35,00:00:56
2024/10/18,12:00,Pre Transit - Chat,Chat_DreamCloud,Cancel Hold for Shipping,1,00:00:06,00:06:11,00:00:10
2024/10/18,12:00,Pre Transit - Chat,Chat_DreamCloud,WISMO- Pre Transit Out of SLA,1,00:00:03,00:33:30,00:01:19
2024/10/18,12:00,Pre-Transit_Cancellations - Chat,Chat_DreamCloud,Unresolved Interaction,1,00:00:06,00:18:15,00:10:34
2024/10/18,12:00,Pre-Transit_Cancellations - Chat,Chat_Siena,Unresponsive Customer,1,00:00:07,00:01:49,00:01:46
2024/10/18,12:00,Pre-Transit_Cancellations - Chat,Chat_Nectar,Unresolved Interaction,1,00:00:05,00:08:52,00:02:46
2024/10/18,12:00,Pre-Transit_Cancellations - Chat,Chat_Nectar,Unresolved Interaction,1,00:00:04,00:11:37,00:03:34
2024/10/18,12:00,Pre-Transit_Cancellations - Chat,Chat_Nectar,EC - Referral,1,00:00:06,00:10:44,00:03:07
2024/10/18,13:00,Delivered - Chat,Chat_Nectar,Unresolved Interaction,1,00:00:02,00:26:39,00:06:46
2024/10/18,13:00,Delivered - Chat,Chat_Nectar,Return_1st - Comfort Issue,1,00:00:04,00:11:44,00:03:19
2024/10/18,13:00,Delivered - Chat,Chat_Nectar,Return_1st - Comfort Issue,1,00:00:07,00:17:09,00:05:36
2024/10/18,13:00,Delivered - Chat,Chat_Nectar,Return_1st - Comfort Issue,1,00:00:05,00:03:34,00:00:31
2024/10/18,13:00,Delivered - Chat,Chat_Nectar,Refund Status Inquiry,1,00:00:06,00:12:50,00:01:24
2024/10/18,13:00,Delivered - Chat,Chat_DreamCloud,Return_1st - Comfort Issue,1,00:00:05,00:15:19,00:05:01
2024/10/18,13:00,Early Returns - Chat,Chat_DreamCloud,Unresolved Interaction,1,00:00:04,00:14:44,00:02:12
2024/10/18,13:00,Early Returns - Chat,Chat_Nectar,Order Details Question,1,00:00:07,00:14:17,00:04:59
2024/10/18,13:00,Early Returns - Chat,Chat_DreamCloud,Return_1st - Comfort Issue,1,00:00:04,00:25:20,00:01:38
2024/10/18,13:00,Early Returns - Chat,Chat_DreamCloud,Unresponsive Customer,1,00:00:03,00:11:58,00:02:15
2024/10/18,13:00,Early Returns - Chat,Chat_DreamCloud,Return_1st - 30-day adjustment,1,00:00:04,00:21:17,00:01:32
2024/10/18,13:00,Early Returns - Chat,Chat_DreamCloud,Sales- Sellable- Offer Made- Not Sold,1,00:00:17,00:13:58,00:03:28
2024/10/18,13:00,Early Returns - Chat,Chat_Nectar,Product Inquiry,1,00:00:04,00:17:59,00:03:19
2024/10/18,13:00,Early Returns - Chat,Chat_Nectar,Order Details Question,1,00:00:04,00:10:56,00:02:05
2024/10/18,13:00,EOT Delivered - Chat,Chat_Nectar,Unresponsive Customer,1,00:00:14,00:19:32,00:05:25
2024/10/18,13:00,EOT Delivered - Chat,Chat_Nectar,Product Inquiry,1,00:00:06,00:10:16,00:04:18
2024/10/18,13:00,EOT Delivered - Chat,Chat_Nectar,Customer Review,1,00:00:51,00:09:37,00:02:37
2024/10/18,13:00,EOT Delivered - Chat,Chat_DreamCloud,Order Details Question,1,00:00:03,00:02:57,00:00:49
2024/10/18,13:00,EOT Delivered - Chat,Chat_DreamCloud,Sales- Sellable- Offer Made- Not Sold,1,00:00:03,00:12:00,00:03:09
2024/10/18,13:00,In Transit - Chat,Chat_DreamCloud,COA Request,1,00:00:05,00:09:40,00:00:21
2024/10/18,13:00,In Transit - Chat,Chat_DreamCloud,WISMO- Pre Transit in SLA,1,00:00:04,00:40:34,00:00:18
2024/10/18,13:00,In Transit - Chat,Chat_Nectar,WGS- WISMO Pre Delivery,1,00:00:06,00:09:20,00:01:24
2024/10/18,13:00,In Transit - Chat,Chat_DreamCloud,Return_1st - No Longer Needed,1,00:00:04,00:12:50,00:06:58
2024/10/18,13:00,In Transit - Chat,Chat_Nectar,Cancellation In Transit,1,00:00:03,00:11:49,00:00:22
2024/10/18,13:00,In Transit - Chat,Chat_Nectar,Return_1st - No Longer Needed,1,00:00:03,01:03:35,00:00:09
2024/10/18,13:00,In Transit - Chat,Chat_DreamCloud,Order Details Question,1,00:00:04,00:26:21,00:01:37
2024/10/18,13:00,In Transit - Chat,Chat_Awara,Product Inquiry,1,00:00:03,00:04:17,00:00:57
2024/10/18,13:00,Inbound Sales - Chat,Chat_DreamCloud,Sales- Sellable- Offer Made- Follow Up,1,00:00:06,00:21:46,00:00:11
2024/10/18,13:00,Inbound Sales - Chat,Chat_DreamCloud,Sales- Sellable- Offer Made- Not Sold,1,00:00:03,00:37:39,00:03:42
2024/10/18,13:00,Inbound Sales - Chat,Chat_Nectar,Sales- Sellable- Offer Made- Not Sold,1,00:00:02,00:11:44,00:03:32
2024/10/18,13:00,Inbound Sales - Chat,Chat_Nectar,Troubleshooting - No answer,1,00:00:05,00:17:32,00:06:54
2024/10/18,13:00,Inbound Sales - Chat,Chat_DreamCloud,Sales- Sellable- Sold,1,00:00:06,00:25:51,00:00:00
2024/10/18,13:00,Inbound Sales - Chat,Chat_Nectar,WGS General Inquiry,1,00:00:05,00:14:38,00:01:54
2024/10/18,13:00,Inbound Sales - Chat,Chat_DreamCloud,Warranty Claim 61 Plus Days_1st,1,00:00:04,00:12:56,00:00:55
2024/10/18,13:00,Inbound Sales - Chat,Chat_DreamCloud,Sales- Sellable- Offer Made- Not Sold,1,00:00:04,00:06:32,00:00:11
2024/10/18,13:00,Inbound Sales - Chat,Chat_Nectar,Sales- Sellable- Offer Made- Not Sold,1,00:00:04,01:04:18,00:11:05
2024/10/18,13:00,Inbound Sales - Chat,Chat_Cloverlane,Sales- Sellable- Offer Made- Not Sold,1,00:00:05,00:25:05,00:06:08
2024/10/18,13:00,Inbound Sales - Chat,Chat_Nectar,Sales- Sellable- Offer Made- Follow Up,1,00:00:06,00:29:33,00:00:04
2024/10/18,13:00,Inbound Sales - Chat,Chat_DreamCloud,Sales- Sellable- Sold,1,00:00:05,00:29:10,00:00:27
2024/10/18,13:00,Inbound Sales - Chat,Chat_Nectar,Sales- Sellable- No- Offer- Made,1,00:00:05,00:32:43,00:00:00
2024/10/18,13:00,Inbound Sales - Chat,Chat_DreamCloud,Order Details Question,1,00:00:04,00:15:10,00:07:14
2024/10/18,13:00,Inbound Sales - Chat,Chat_DreamCloud,Sales- Sellable- Offer Made- Follow Up,1,00:00:03,00:09:58,00:03:52
2024/10/18,13:00,Inbound Sales - Chat,Chat_DreamCloud,Sales- Sellable- Offer Made- Not Sold,1,00:00:06,00:27:58,00:01:17
2024/10/18,13:00,Inbound Sales - Chat,Chat_Nectar,Sales- Sellable- Offer Made- Follow Up,1,00:00:06,00:05:11,00:00:10
2024/10/18,13:00,Inbound Sales - Chat,Chat_DreamCloud,WGS General Inquiry,1,00:00:04,00:38:55,00:05:59
2024/10/18,13:00,Inbound Sales - Chat,Chat_Nectar,Amazon Inquiry,1,00:00:05,01:04:21,00:02:23
2024/10/18,13:00,Inbound Sales - Chat,Chat_Nectar,Sales- Sellable- Offer Made- Not Sold,1,00:00:05,00:42:52,00:00:03
2024/10/18,13:00,Inbound Sales - Chat,Chat_Nectar,Sales- Sellable- Offer Made- Not Sold,1,00:00:05,00:11:13,00:01:23
2024/10/18,13:00,Inbound Sales - Chat,Chat_DreamCloud,Sales- Sellable- Offer Made- Not Sold,1,00:00:05,00:19:08,00:11:23
2024/10/18,13:00,Inbound Sales - Chat,Chat_Nectar,Sales- Sellable- No- Offer- Made,1,00:00:07,00:09:58,00:00:19
2024/10/18,13:00,Inbound Sales - Chat,Chat_Nectar,Order Details Question,1,00:00:06,00:07:18,00:00:00
2024/10/18,13:00,Inbound Sales - Chat,Chat_DreamCloud,Sales- Sellable- Offer Made- Not Sold,1,00:00:04,00:18:29,00:10:47
2024/10/18,13:00,Pre Transit - Chat,Chat_Siena,Unresponsive Customer,1,00:00:04,00:28:10,00:13:03
2024/10/18,13:00,Pre-Transit_Cancellations - Chat,Chat_DreamCloud,Return_1st - WGS,1,00:00:06,01:40:14,00:05:53
2024/10/18,14:00,Delivered - Chat,Chat_DreamCloud,Warranty Claim 61 Plus Days_2nd,1,00:00:04,00:16:35,00:00:31
2024/10/18,14:00,Delivered - Chat,Chat_Nectar,Return_1st - Retained - Final Sale,1,00:04:28,00:40:36,00:00:39
2024/10/18,14:00,Delivered - Chat,Chat_Nectar,EC - Escalation,1,00:00:07,00:17:41,00:00:27
2024/10/18,14:00,Delivered - Chat,Chat_Nectar,Return_1st - Comfort Issue,1,00:02:15,00:27:47,00:01:51
2024/10/18,14:00,Delivered - Chat,Chat_Cloverlane,Abandon,1,00:00:58,00:00:00,00:00:00
2024/10/18,14:00,Early Returns - Chat,Chat_DreamCloud,Unresponsive Customer,1,00:02:00,00:10:29,00:04:28
2024/10/18,14:00,Early Returns - Chat,Chat_Nectar,Return_1st - 30-day adjustment,1,00:00:06,00:20:11,00:01:44
2024/10/18,14:00,Early Returns - Chat,Chat_DreamCloud,Order Details Question,1,00:00:03,01:13:54,00:00:24
2024/10/18,14:00,Early Returns - Chat,Chat_Nectar,Order Details Question,1,00:00:04,00:24:32,00:01:45
2024/10/18,14:00,Early Returns - Chat,Chat_DreamCloud,Return_1st - No Longer Needed,1,00:00:04,00:28:14,00:00:11
2024/10/18,14:00,Early Returns - Chat,Chat_Nectar,Return_1st - Comfort Issue,1,00:00:04,00:29:45,00:00:00
2024/10/18,14:00,EOT Delivered - Chat,Chat_Nectar,Unresponsive Customer,1,00:03:29,00:03:28,00:01:38
2024/10/18,14:00,EOT Delivered - Chat,Chat_Nectar,Order Details Question,1,00:00:03,00:08:15,00:06:06
2024/10/18,14:00,EOT Delivered - Chat,Chat_Nectar,Abandon,1,00:01:41,00:00:00,00:00:00
2024/10/18,14:00,EOT Delivered - Chat,Chat_DreamCloud,Product Inquiry,1,00:00:04,00:13:30,00:01:15
2024/10/18,14:00,In Transit - Chat,Chat_DreamCloud,Order Details Question,1,00:01:57,00:48:48,00:03:13
2024/10/18,14:00,In Transit - Chat,Chat_Nectar,WISMO- In Transit,1,00:00:03,01:00:39,00:07:10
2024/10/18,14:00,In Transit - Chat,Chat_Nectar,Order Details Question,1,00:02:35,00:21:02,00:02:51
2024/10/18,14:00,In Transit - Chat,Chat_Nectar,Abandon,1,00:01:06,00:00:00,00:00:00
2024/10/18,14:00,In Transit - Chat,Chat_DreamCloud,Damage in Transit Claim Inquiry,1,00:00:04,00:17:19,00:01:16
2024/10/18,14:00,In Transit - Chat,Chat_Nectar,Product Inquiry,1,00:00:04,00:16:01,00:01:32
2024/10/18,14:00,In Transit - Chat,Chat_Nectar,Abandon,1,00:00:05,00:00:00,00:00:00
2024/10/18,14:00,In Transit - Chat,Chat_Nectar,Unresolved Interaction,1,00:00:50,00:13:33,00:00:26
2024/10/18,14:00,Inbound Sales - Chat,Chat_Nectar,Unresponsive Customer,1,00:00:02,00:05:53,00:00:45
2024/10/18,14:00,Inbound Sales - Chat,Chat_Nectar,Order Details Question,1,00:00:03,00:30:03,00:08:10
2024/10/18,14:00,Inbound Sales - Chat,Chat_DreamCloud,Order Details Question,1,00:00:05,00:23:28,00:00:58
2024/10/18,14:00,Inbound Sales - Chat,Chat_Nectar,Sales- Sellable- No- Offer- Made,1,00:00:02,00:36:44,00:30:19
2024/10/18,14:00,Inbound Sales - Chat,Chat_Nectar,Sales- Sellable- Offer Made- Not Sold,1,00:00:04,00:26:55,00:00:37
2024/10/18,14:00,Inbound Sales - Chat,Chat_DreamCloud,Sales- Sellable- Sold,1,00:00:04,01:10:30,00:00:05
2024/10/18,14:00,Inbound Sales - Chat,Chat_Nectar,Sales- Sellable- Offer Made- Not Sold,1,00:00:05,00:19:00,00:07:10
2024/10/18,14:00,Inbound Sales - Chat,Chat_Nectar,Sales- Sellable- Offer Made- Not Sold,1,00:00:03,00:11:01,00:05:51
2024/10/18,14:00,Inbound Sales - Chat,Chat_DreamCloud,WISMO- In Transit,1,00:00:05,00:19:02,00:01:40
2024/10/18,14:00,Inbound Sales - Chat,Chat_Nectar,Sales- Sellable- Offer Made- Not Sold,1,00:00:09,00:16:09,00:09:51
2024/10/18,14:00,Inbound Sales - Chat,Chat_Nectar,Sales- Sellable- Offer Made- Not Sold,1,00:00:06,00:16:41,00:00:35
2024/10/18,14:00,Inbound Sales - Chat,Chat_DreamCloud,Unresolved Interaction,1,00:00:05,00:01:32,00:00:17
2024/10/18,14:00,Inbound Sales - Chat,Chat_Nectar,Order Details Question,1,00:00:04,00:15:42,00:00:51
2024/10/18,14:00,Inbound Sales - Chat,Chat_DreamCloud,Ghost Call,1,00:00:02,00:00:27,00:00:04
2024/10/18,14:00,Inbound Sales - Chat,Chat_Nectar,Unresolved Interaction,1,00:00:05,00:05:44,00:00:05
2024/10/18,14:00,Inbound Sales - Chat,Chat_DreamCloud,Sales- Sellable- Offer Made- Follow Up,1,00:00:06,00:14:06,00:00:08
2024/10/18,14:00,Inbound Sales - Chat,Chat_Nectar,WISMO- In Transit,1,00:00:06,00:11:07,00:00:00
2024/10/18,14:00,Inbound Sales - Chat,Chat_Awara,Sales- Sellable- Sold,1,00:00:06,01:03:37,00:11:22
2024/10/18,14:00,Inbound Sales - Chat,Chat_Awara,Sales- Sellable- Offer Made- Not Sold,1,00:00:05,00:08:21,00:00:15
2024/10/18,14:00,Inbound Sales - Chat,Chat_Nectar,EC - Sellable Not Sold,1,00:00:03,00:14:41,00:06:57
2024/10/18,14:00,Inbound Sales - Chat,Chat_Nectar,Unresolved Interaction,1,00:00:05,00:15:16,00:01:21
2024/10/18,14:00,Inbound Sales - Chat,Chat_Nectar,Amazon Inquiry,1,00:00:02,00:04:03,00:01:28
2024/10/18,14:00,Inbound Sales - Chat,Chat_DreamCloud,Ghost Call,1,00:00:04,00:05:51,00:00:07
2024/10/18,14:00,Inbound Sales - Chat,Chat_DreamCloud,Product Inquiry,1,00:00:03,00:09:38,00:01:33
2024/10/18,14:00,Inbound Sales - Chat,Chat_DreamCloud,Refund Status Inquiry,1,00:00:03,00:15:17,00:00:07
2024/10/18,14:00,Inbound Sales - Chat,Chat_Nectar,Sales- Sellable- Sold,1,00:00:02,00:18:41,00:12:03
2024/10/18,14:00,Inbound Sales - Chat,Chat_Nectar,Sales- Sellable- Offer Made- Not Sold,1,00:00:05,00:30:17,00:09:19
2024/10/18,14:00,Inbound Sales - Chat,Chat_Nectar,Product Inquiry,1,00:00:05,00:15:12,00:02:25
2024/10/18,14:00,Inbound Sales - Chat,Chat_DreamCloud,Product Inquiry,1,00:00:05,00:10:20,00:03:00
2024/10/18,14:00,Inbound Sales - Chat,Chat_Nectar,Sales- Not Sellable,1,00:00:02,00:17:02,00:08:12
2024/10/18,14:00,Inbound Sales - Chat,Chat_Nectar,Unresolved Interaction,1,00:00:04,00:19:09,00:06:38
2024/10/18,14:00,Inbound Sales - Chat,Chat_Nectar,Sales- Sellable- Offer Made- Not Sold,1,00:00:05,00:20:58,00:01:48
2024/10/18,14:00,Inbound Sales - Chat,Chat_Siena,Product Inquiry,1,00:00:05,00:29:08,00:00:03
2024/10/18,14:00,Pre Transit - Chat,Chat_DreamCloud,Order Details Question,1,00:00:05,00:10:29,00:01:24
2024/10/18,14:00,Pre Transit - Chat,Chat_Nectar,Product Inquiry,1,00:02:23,00:08:10,00:02:13
2024/10/18,14:00,Pre Transit - Chat,Chat_Nectar,Unresponsive Customer,1,00:03:51,00:07:35,00:02:04
2024/10/18,14:00,Pre-Transit_Cancellations - Chat,Chat_DreamCloud,Manufacturing Defect_1st - 1-60 Days,1,00:02:12,00:27:57,00:04:22
2024/10/18,14:00,Pre-Transit_Cancellations - Chat,Chat_Cloverlane,Order Details Question,1,00:00:03,00:09:15,00:05:47
2024/10/18,14:00,Pre-Transit_Cancellations - Chat,Chat_DreamCloud,Sales- Not Sellable,1,00:00:06,00:09:58,00:00:39
2024/10/18,15:00,Delivered - Chat,Chat_DreamCloud,Abandon,1,00:01:38,00:00:00,00:00:00
2024/10/18,15:00,Delivered - Chat,Chat_DreamCloud,Order Details Question,1,00:00:05,00:33:39,00:01:22
2024/10/18,15:00,Delivered - Chat,Chat_Nectar,Unresponsive Customer,1,00:00:05,00:05:59,00:01:53
2024/10/18,15:00,Delivered - Chat,Chat_DreamCloud,Return_1st - Comfort Issue,1,00:00:03,00:24:16,00:01:08
2024/10/18,15:00,Delivered - Chat,Chat_DreamCloud,Return_2nd - Sharetown Inquiry,1,00:00:04,00:13:06,00:02:14
2024/10/18,15:00,Delivered - Chat,Chat_Nectar,Return_1st - Damage Product,1,00:00:02,00:19:56,00:00:20
2024/10/18,15:00,Delivered - Chat,Chat_Nectar,Sales- Sellable- Offer Made- Not Sold,1,00:00:03,00:49:41,00:01:17
2024/10/18,15:00,Delivered - Chat,Chat_DreamCloud,Return_1st - Comfort Issue,1,00:00:06,00:10:06,00:00:14
2024/10/18,15:00,Early Returns - Chat,Chat_DreamCloud,Return_1st - Comfort Issue,1,00:00:02,00:25:25,00:01:42
2024/10/18,15:00,Early Returns - Chat,Chat_Nectar,Order Details Question,1,00:00:03,00:18:08,00:00:12
2024/10/18,15:00,Early Returns - Chat,Chat_DreamCloud,WISMO- Pre Transit Out of SLA,1,00:00:05,00:11:59,00:00:11
2024/10/18,15:00,Early Returns - Chat,Chat_DreamCloud,Product Inquiry,1,00:00:06,00:18:43,00:06:32
2024/10/18,15:00,Early Returns - Chat,Chat_Nectar,Manufacturing Defect_1st - 1-60 Days,1,00:00:06,00:09:11,00:02:12
2024/10/18,15:00,Early Returns - Chat,Chat_DreamCloud,Troubleshooting- Transfer to Serveco,1,00:00:02,00:21:33,00:12:54
2024/10/18,15:00,EOT Delivered - Chat,Chat_DreamCloud,Product Inquiry,1,00:00:04,00:09:10,00:01:23
2024/10/18,15:00,EOT Delivered - Chat,Chat_DreamCloud,Warranty Claim 61 Plus Days_1st,1,00:00:06,00:05:51,00:01:09
2024/10/18,15:00,In Transit - Chat,Chat_Siena,Order Details Question,1,00:00:05,00:05:53,00:00:13
2024/10/18,15:00,Inbound Sales - Chat,Chat_Nectar,Product Inquiry,1,00:00:02,00:12:02,00:03:41
2024/10/18,15:00,Inbound Sales - Chat,Chat_Nectar,Product Inquiry,1,00:00:03,00:10:48,00:06:26
2024/10/18,15:00,Inbound Sales - Chat,Chat_DreamCloud,Product Inquiry,1,00:00:07,00:22:29,00:05:08
2024/10/18,15:00,Inbound Sales - Chat,Chat_Nectar,Unresolved Interaction,1,00:00:06,00:16:44,00:02:03
2024/10/18,15:00,Inbound Sales - Chat,Chat_Awara,Unresolved Interaction,1,00:00:05,00:04:31,00:00:05
2024/10/18,15:00,Inbound Sales - Chat,Chat_Nectar,Unresolved Interaction,1,00:00:06,00:33:30,00:02:36
2024/10/18,15:00,Inbound Sales - Chat,Chat_DreamCloud,Sales- Sellable- Offer Made- Follow Up,1,00:00:03,00:42:53,00:06:48
2024/10/18,15:00,Inbound Sales - Chat,Chat_DreamCloud,EC - Sellable Not Sold,1,00:00:02,00:20:01,00:04:18
2024/10/18,15:00,Inbound Sales - Chat,Chat_Nectar,Sales- Sellable- Offer Made- Not Sold,1,00:00:04,00:26:19,00:02:20
2024/10/18,15:00,Inbound Sales - Chat,Chat_DreamCloud,Sales- Sellable- Offer Made- Not Sold,1,00:00:04,00:27:47,00:03:17
2024/10/18,15:00,Inbound Sales - Chat,Chat_Nectar,Ghost Call,1,00:00:02,00:00:16,00:00:11
2024/10/18,15:00,Inbound Sales - Chat,Chat_Nectar,Unresponsive Customer,1,00:00:05,00:12:02,00:00:48
2024/10/18,15:00,Inbound Sales - Chat,Chat_Nectar,Return_1st - Retained Firm Topper,1,00:00:05,00:16:40,00:00:05
2024/10/18,15:00,Inbound Sales - Chat,Chat_Nectar,EC - Sellable Not Sold,1,00:00:04,00:23:12,00:02:41
2024/10/18,15:00,Inbound Sales - Chat,Chat_DreamCloud,Sales- Sellable- Offer Made- Not Sold,1,00:00:03,00:19:17,00:07:13
2024/10/18,15:00,Inbound Sales - Chat,Chat_DreamCloud,Product Inquiry,1,00:00:03,00:06:59,00:02:51
2024/10/18,15:00,Inbound Sales - Chat,Chat_Nectar,Sales- Sellable- Sold,1,00:00:04,00:29:28,00:05:47
2024/10/18,15:00,Inbound Sales - Chat,Chat_Nectar,Amazon Inquiry,1,00:00:03,00:11:51,00:02:52
2024/10/18,15:00,Inbound Sales - Chat,Chat_Nectar,Sales- Sellable- Offer Made- Not Sold,1,00:00:03,00:46:13,00:03:07
2024/10/18,15:00,Inbound Sales - Chat,Chat_Awara,Sales- Sellable- Offer Made- Not Sold,1,00:00:05,00:29:25,00:00:00
2024/10/18,15:00,Inbound Sales - Chat,Chat_Nectar,Product Inquiry,1,00:00:03,00:45:38,00:06:01
2024/10/18,15:00,Inbound Sales - Chat,Chat_Nectar,Sales- Sellable- Offer Made- Not Sold,1,00:00:02,00:36:12,00:05:34
2024/10/18,15:00,Inbound Sales - Chat,Chat_Nectar,Sales- Sellable- Offer Made- Not Sold,1,00:00:05,00:08:39,00:00:58
2024/10/18,15:00,Inbound Sales - Chat,Chat_DreamCloud,Sales- Sellable- Offer Made- Not Sold,1,00:00:05,00:05:33,00:01:06
2024/10/18,15:00,Inbound Sales - Chat,Chat_DreamCloud,Unresolved Interaction,1,00:00:04,00:24:47,00:00:08
2024/10/18,15:00,Pre-Transit_Cancellations - Chat,Chat_Nectar,WISMO- Pre Transit Out of SLA,1,00:00:03,00:19:47,00:04:36
2024/10/18,15:00,Pre-Transit_Cancellations - Chat,Chat_Nectar,Return_1st - Incorrect Order,1,00:00:06,00:13:52,00:01:34
2024/10/18,15:00,Pre-Transit_Cancellations - Chat,Chat_DreamCloud,Order Details Question,1,00:00:04,00:04:35,00:00:48
2024/10/18,15:00,Pre-Transit_Cancellations - Chat,Chat_Nectar,Order Details Question,1,00:00:02,00:15:03,00:05:12
2024/10/18,15:00,Pre-Transit_Cancellations - Chat,Chat_Nectar,Update Contact Info,1,00:00:02,00:09:38,00:02:32
2024/10/18,15:00,Pre-Transit_Cancellations - Chat,Chat_Nectar,Cancellation Pre Transit,1,00:00:05,00:17:55,00:01:15
2024/10/18,16:00,Delivered - Chat,Chat_DreamCloud,Unresponsive Customer,1,00:00:05,00:05:37,00:00:57
2024/10/18,16:00,Delivered - Chat,Chat_Nectar,Order Details Question,1,00:00:03,00:32:05,00:19:19
2024/10/18,16:00,Delivered - Chat,Chat_Nectar,Order Details Question,1,00:00:04,00:15:50,00:00:18
2024/10/18,16:00,Delivered - Chat,Chat_DreamCloud,Sales- Sellable- Offer Made- Not Sold,1,00:00:07,00:25:18,00:00:56
2024/10/18,16:00,Early Returns - Chat,Chat_Nectar,Warranty Claim 61 Plus Days_1st,1,00:00:05,00:19:15,00:04:22
2024/10/18,16:00,Early Returns - Chat,Chat_DreamCloud,Order Details Question,1,00:02:13,00:16:02,00:02:25
2024/10/18,16:00,Early Returns - Chat,Chat_DreamCloud,Return_1st - 30-day adjustment,1,00:00:04,00:11:06,00:00:38
2024/10/18,16:00,Early Returns - Chat,Chat_DreamCloud,Return_1st - No Longer Needed,1,00:00:02,00:09:59,00:00:09
2024/10/18,16:00,Early Returns - Chat,Chat_Nectar,Product Inquiry,1,00:00:04,00:12:48,00:00:13
2024/10/18,16:00,EOT Delivered - Chat,Chat_Nectar,Manufacturing Defect_1st - 1-60 Days,1,00:00:05,00:39:31,00:07:22
2024/10/18,16:00,EOT Delivered - Chat,Chat_Nectar,Order Details Question,1,00:00:05,00:08:53,00:02:00
2024/10/18,16:00,EOT Delivered - Chat,Chat_Nectar,No Response Needed,1,00:00:05,00:00:05,00:00:03
2024/10/18,16:00,EOT Delivered - Chat,Chat_DreamCloud,Affirm Inquiry,1,00:00:20,00:19:06,00:00:43
2024/10/18,16:00,EOT Delivered - Chat,Chat_Nectar,Product Inquiry,1,00:00:04,00:08:20,00:00:08
2024/10/18,16:00,EOT Delivered - Chat,Chat_Nectar,Warranty Claim 61 Plus Days_1st,1,00:00:05,00:18:37,00:06:18
2024/10/18,16:00,In Transit - Chat,Chat_Nectar,Order Details Question,1,00:00:04,00:05:18,00:00:11
2024/10/18,16:00,In Transit - Chat,Chat_Nectar,WISMO- Pre Transit Out of SLA,1,00:00:05,00:18:16,00:08:22
2024/10/18,16:00,Inbound Sales - Chat,Chat_Nectar,Customer Review,1,00:00:04,00:20:43,00:01:02
2024/10/18,16:00,Inbound Sales - Chat,Chat_Nectar,Sales- Sellable- Offer Made- Not Sold,1,00:00:05,00:30:19,00:01:34
2024/10/18,16:00,Inbound Sales - Chat,Chat_Nectar,Sales- Sellable- No- Offer- Made,1,00:00:05,00:06:29,00:01:22
2024/10/18,16:00,Inbound Sales - Chat,Chat_Nectar,Sales- Sellable- Offer Made- Follow Up,1,00:00:06,00:25:43,00:01:08
2024/10/18,16:00,Inbound Sales - Chat,Chat_Nectar,Sales- Sellable- Offer Made- Not Sold,1,00:00:06,00:24:08,00:00:01
2024/10/18,16:00,Inbound Sales - Chat,Chat_DreamCloud,Sales- Sellable- Offer Made- Not Sold,1,00:00:06,00:27:06,00:00:02
2024/10/18,16:00,Inbound Sales - Chat,Chat_Nectar,Unresolved Interaction,1,00:00:02,00:11:06,00:05:20
2024/10/18,16:00,Inbound Sales - Chat,Chat_DreamCloud,Unresolved Interaction,1,00:00:04,00:11:34,00:00:13
2024/10/18,16:00,Inbound Sales - Chat,Chat_DreamCloud,Sales- Sellable- Offer Made- Not Sold,1,00:00:03,00:06:34,00:00:07
2024/10/18,16:00,Inbound Sales - Chat,Chat_Nectar,Sales- Sellable- No- Offer- Made,1,00:00:02,01:09:07,01:02:57
2024/10/18,16:00,Inbound Sales - Chat,Chat_Nectar,Unresolved Interaction,1,00:00:05,00:21:46,00:03:55
2024/10/18,16:00,Inbound Sales - Chat,Chat_Nectar,Sales- Sellable- Offer Made- Not Sold,1,00:00:03,00:14:48,00:00:14
2024/10/18,16:00,Inbound Sales - Chat,Chat_DreamCloud,Sales- Sellable- Sold,1,00:00:05,00:26:24,00:05:38
2024/10/18,16:00,Inbound Sales - Chat,Chat_Nectar,Unresolved Interaction,1,00:00:02,00:18:41,00:01:00
2024/10/18,16:00,Inbound Sales - Chat,Chat_DreamCloud,Unresponsive Customer,1,00:00:04,00:07:13,00:01:53
2024/10/18,16:00,Inbound Sales - Chat,Chat_Nectar,Sales- Sellable- Offer Made- Not Sold,1,00:00:03,00:02:17,00:00:00
2024/10/18,16:00,Inbound Sales - Chat,Chat_Nectar,Sales- Sellable- Offer Made- Not Sold,1,00:00:05,00:23:08,00:02:54
2024/10/18,16:00,Inbound Sales - Chat,Chat_DreamCloud,Sales- Sellable- Offer Made- Not Sold,1,00:00:04,00:23:12,00:02:14
2024/10/18,16:00,Inbound Sales - Chat,Chat_Nectar,Sales- Sellable- Offer Made- Not Sold,1,00:00:04,00:12:10,00:00:00
2024/10/18,16:00,Inbound Sales - Chat,Chat_DreamCloud,Sales- Sellable- Offer Made- Not Sold,1,00:00:05,00:14:26,00:00:52
2024/10/18,16:00,Inbound Sales - Chat,Chat_Nectar,Unresolved Interaction,1,00:00:04,00:13:08,00:03:57
2024/10/18,16:00,Inbound Sales - Chat,Chat_Nectar,Unresolved Interaction,1,00:00:06,00:18:48,00:04:06
2024/10/18,16:00,Inbound Sales - Chat,Chat_Nectar,Ghost Call,1,00:00:06,00:08:10,00:01:17
2024/10/18,16:00,Inbound Sales - Chat,Chat_DreamCloud,Sales- Sellable- Offer Made- Not Sold,1,00:00:06,00:21:27,00:02:44
2024/10/18,16:00,Inbound Sales - Chat,Chat_DreamCloud,Sales- Sellable- Offer Made- Not Sold,1,00:00:04,00:08:29,00:01:24
2024/10/18,16:00,Inbound Sales - Chat,Chat_Nectar,EC - Sellable Not Sold,1,00:00:05,00:05:43,00:01:44
2024/10/18,16:00,Pre Transit - Chat,Chat_DreamCloud,WISMO- Pre Transit Out of SLA,1,00:00:06,00:28:48,00:00:20
2024/10/18,16:00,Pre-Transit_Cancellations - Chat,Chat_Nectar,Update Contact Info,1,00:00:03,00:05:11,00:00:45
2024/10/18,16:00,Pre-Transit_Cancellations - Chat,Chat_Nectar,Order Details Question,1,00:00:05,00:16:51,00:03:41
2024/10/18,17:00,Delivered - Chat,Chat_DreamCloud,Order Details Question,1,00:00:02,00:34:16,00:01:15
2024/10/18,17:00,Delivered - Chat,Chat_DreamCloud,Warranty Claim 61 Plus Days_1st,1,00:03:13,00:15:54,00:04:33
2024/10/18,17:00,Delivered - Chat,Chat_Nectar,Return_1st - Comfort Issue,1,00:00:03,00:32:03,00:00:19
2024/10/18,17:00,Delivered - Chat,Chat_DreamCloud,Product Inquiry,1,00:00:05,00:26:54,00:06:46
2024/10/18,17:00,Delivered - Chat,Chat_Nectar,Product Inquiry,1,00:00:03,00:03:49,00:00:45
2024/10/18,17:00,Delivered - Chat,Chat_Nectar,Refund Status Inquiry,1,00:00:03,00:19:10,00:03:11
2024/10/18,17:00,Delivered - Chat,Chat_DreamCloud,Return_1st - Comfort Issue,1,00:00:03,00:08:09,00:00:24
2024/10/18,17:00,Delivered - Chat,Chat_Nectar,Proof of Purchase_Refund Request,1,00:00:03,00:10:00,00:00:18
2024/10/18,17:00,Delivered - Chat,Chat_DreamCloud,Product Inquiry,1,00:00:06,00:10:49,00:00:04
2024/10/18,17:00,Delivered - Chat,Chat_Nectar,Return_1st - Retained - Soft Topper,1,00:00:06,00:19:25,00:00:11
2024/10/18,17:00,Early Returns - Chat,Chat_Nectar,Unresponsive Customer,1,00:00:04,00:04:53,00:01:03
2024/10/18,17:00,Early Returns - Chat,Chat_Nectar,Return_1st - 30-day adjustment,1,00:00:04,00:17:57,00:05:07
2024/10/18,17:00,Early Returns - Chat,Chat_Nectar,Warranty Claim 61 Plus Days_1st,1,00:00:05,00:16:27,00:05:57
2024/10/18,17:00,Early Returns - Chat,Chat_Nectar,Order Details Question,1,00:00:02,00:28:21,00:04:30
2024/10/18,17:00,Early Returns - Chat,Chat_Nectar,Warranty Claim 61 Plus Days_1st,1,00:00:53,01:23:30,00:00:00
2024/10/18,17:00,EOT Delivered - Chat,Chat_Nectar,Unresponsive Customer,1,00:00:02,00:07:14,00:03:55
2024/10/18,17:00,EOT Delivered - Chat,Chat_Nectar,Warranty Claim 61 Plus Days_1st,1,00:01:31,00:30:01,00:01:27
2024/10/18,17:00,EOT Delivered - Chat,Chat_Nectar,Warranty Claim 61 Plus Days_1st,1,00:00:04,00:13:38,00:00:06
2024/10/18,17:00,EOT Delivered - Chat,Chat_DreamCloud,Warranty Claim 61 Plus Days_1st,1,00:00:03,00:15:51,00:02:05
2024/10/18,17:00,Inbound Sales - Chat,Chat_Nectar,Sales- Sellable- Offer Made- Not Sold,1,00:00:06,00:19:08,00:04:43
2024/10/18,17:00,Inbound Sales - Chat,Chat_Nectar,Sales- Sellable- Offer Made- Not Sold,1,00:00:04,00:30:52,00:00:15
2024/10/18,17:00,Inbound Sales - Chat,Chat_Nectar,Unresolved Interaction,1,00:00:05,00:12:30,00:04:56
2024/10/18,17:00,Inbound Sales - Chat,Chat_Nectar,Sales- Sellable- Offer Made- Not Sold,1,00:00:04,00:11:57,00:00:00
2024/10/18,17:00,Inbound Sales - Chat,Chat_Nectar,Sales- Sellable- Offer Made- Not Sold,1,00:00:06,00:12:46,00:01:36
2024/10/18,17:00,Inbound Sales - Chat,Chat_DreamCloud,Sales- Sellable- Offer Made- Not Sold,1,00:00:04,00:09:28,00:00:11
2024/10/18,17:00,Inbound Sales - Chat,Chat_Nectar,Sales- Sellable- No- Offer- Made,1,00:00:03,00:18:05,00:02:07
2024/10/18,17:00,Inbound Sales - Chat,Chat_DreamCloud,Sales- Sellable- Offer Made- Not Sold,1,00:00:03,00:28:21,00:05:24
2024/10/18,17:00,Inbound Sales - Chat,Chat_Nectar,Unresolved Interaction,1,00:00:05,00:36:44,00:00:13
2024/10/18,17:00,Inbound Sales - Chat,Chat_DreamCloud,Sales- Sellable- Offer Made- Not Sold,1,00:00:08,00:18:16,00:00:00
2024/10/18,17:00,Inbound Sales - Chat,Chat_Nectar,Sales- Sellable- Offer Made- Follow Up,1,00:00:04,00:08:17,00:01:12
2024/10/18,17:00,Inbound Sales - Chat,Chat_Nectar,Sales- Sellable- Offer Made- Not Sold,1,00:00:02,00:05:09,00:01:17
2024/10/18,17:00,Inbound Sales - Chat,Chat_DreamCloud,Unresolved Interaction,1,00:00:05,00:10:19,00:00:41
2024/10/18,17:00,Inbound Sales - Chat,Chat_DreamCloud,Ghost Call,1,00:00:03,00:09:41,00:08:30
2024/10/18,17:00,Inbound Sales - Chat,Chat_Nectar,Sales- Sellable- Offer Made- Follow Up,1,00:00:06,00:16:49,00:00:38
2024/10/18,17:00,Inbound Sales - Chat,Chat_Nectar,Unresolved Interaction,1,00:00:06,00:13:26,00:06:07
2024/10/18,17:00,Inbound Sales - Chat,Chat_DreamCloud,Sales- Sellable- Offer Made- Not Sold,1,00:00:06,00:04:08,00:00:51
2024/10/18,17:00,Inbound Sales - Chat,Chat_Nectar,Sales- Sellable- Offer Made- Not Sold,1,00:00:06,00:23:48,00:07:27
2024/10/18,17:00,Inbound Sales - Chat,Chat_Nectar,Sales- Sellable- No- Offer- Made,1,00:00:04,00:08:53,00:01:16
2024/10/18,17:00,Inbound Sales - Chat,Chat_Nectar,Sales- Sellable- Offer Made- Not Sold,1,00:00:06,00:21:46,00:00:00
2024/10/18,17:00,Inbound Sales - Chat,Chat_Nectar,Sales- Sellable- No- Offer- Made,1,00:00:05,00:12:23,00:00:00
2024/10/18,17:00,Inbound Sales - Chat,Chat_DreamCloud,Sales- Sellable- Sold,1,00:00:03,00:38:14,00:04:56
2024/10/18,17:00,Pre-Transit_Cancellations - Chat,Chat_DreamCloud,Add Hold for Shipping,1,00:00:05,00:10:35,00:00:08
2024/10/18,18:00,Delivered - Chat,Chat_DreamCloud,Return_1st - Comfort Issue,1,00:00:05,00:45:45,00:02:55
2024/10/18,18:00,Delivered - Chat,Chat_Nectar,Amazon Inquiry,1,00:01:42,00:15:12,00:00:00
2024/10/18,18:00,Early Returns - Chat,Chat_Nectar,Sales- Sellable- No- Offer- Made,1,00:00:28,00:31:53,00:12:02
2024/10/18,18:00,Early Returns - Chat,Chat_Nectar,Order Details Question,1,00:00:05,00:17:21,00:04:01
2024/10/18,18:00,Early Returns - Chat,Chat_DreamCloud,Return_1st - Comfort Issue,1,00:01:13,00:16:50,00:06:59
2024/10/18,18:00,Early Returns - Chat,Chat_Nectar,Unresolved Interaction,1,00:00:05,00:04:36,00:04:25
2024/10/18,18:00,Early Returns - Chat,Chat_Siena,Order Details Question,1,00:00:03,00:14:48,00:08:13
2024/10/18,18:00,Early Returns - Chat,Chat_Nectar,Return_1st - Damage Product,1,00:00:03,00:27:53,00:08:03
2024/10/18,18:00,Early Returns - Chat,Chat_Nectar,Sales- Sellable- Offer Made- Not Sold,1,00:00:06,00:20:04,00:04:46
2024/10/18,18:00,EOT Delivered - Chat,Chat_DreamCloud,Unresolved Interaction,1,00:00:05,00:10:15,00:05:01
2024/10/18,18:00,EOT Delivered - Chat,Chat_DreamCloud,Product Inquiry,1,00:00:05,00:09:17,00:05:19
2024/10/18,18:00,EOT Delivered - Chat,Chat_DreamCloud,Unresponsive Customer,1,00:00:04,00:14:31,00:03:35
2024/10/18,18:00,EOT Delivered - Chat,Chat_DreamCloud,Order Details Question,1,00:01:20,00:16:49,00:00:39
2024/10/18,18:00,Inbound Sales - Chat,Chat_Nectar,Unresolved Interaction,1,00:00:09,00:28:00,00:20:13
2024/10/18,18:00,Inbound Sales - Chat,Chat_Nectar,Unresponsive Customer,1,00:00:05,00:07:45,00:00:13
2024/10/18,18:00,Inbound Sales - Chat,Chat_DreamCloud,Sales- Sellable- Offer Made- Not Sold,1,00:00:03,00:07:08,00:00:00
2024/10/18,18:00,Inbound Sales - Chat,Chat_DreamCloud,Unresolved Interaction,1,00:00:08,00:10:59,00:03:04
2024/10/18,18:00,Inbound Sales - Chat,Chat_DreamCloud,Unresolved Interaction,1,00:00:03,00:15:36,00:02:50
2024/10/18,18:00,Inbound Sales - Chat,Chat_Nectar,Sales- Sellable- Offer Made- Not Sold,1,00:00:05,00:02:52,00:00:28
2024/10/18,18:00,Inbound Sales - Chat,Chat_DreamCloud,Sales- Sellable- Offer Made- Not Sold,1,00:00:03,00:42:24,00:01:34
2024/10/18,18:00,Inbound Sales - Chat,Chat_Awara,Ghost Call,1,00:00:05,00:08:48,00:01:03
2024/10/18,18:00,Inbound Sales - Chat,Chat_Nectar,Sales- Sellable- Offer Made- Not Sold,1,00:00:04,00:14:01,00:01:07
2024/10/18,18:00,Inbound Sales - Chat,Chat_DreamCloud,Order Details Question,1,00:00:04,00:07:49,00:00:39
2024/10/18,18:00,Inbound Sales - Chat,Chat_DreamCloud,Sales- Sellable- Offer Made- Not Sold,1,00:00:02,00:27:01,00:01:45
2024/10/18,18:00,Inbound Sales - Chat,Chat_DreamCloud,Sales- Sellable- No- Offer- Made,1,00:00:05,00:16:57,00:00:18
2024/10/18,18:00,Inbound Sales - Chat,Chat_DreamCloud,Sales- Sellable- Offer Made- Not Sold,1,00:00:05,00:14:49,00:00:13
2024/10/18,18:00,Inbound Sales - Chat,Chat_DreamCloud,Order Details Question,1,00:00:04,00:19:42,00:00:57
2024/10/18,18:00,Inbound Sales - Chat,Chat_Nectar,Unresolved Interaction,1,00:00:03,00:08:02,00:02:04
2024/10/18,18:00,Inbound Sales - Chat,Chat_DreamCloud,Warranty Claim 61 Plus Days_1st,1,00:00:05,00:11:17,00:00:22
2024/10/18,18:00,Inbound Sales - Chat,Chat_Nectar,Sales- Sellable- Offer Made- Not Sold,1,00:00:02,00:31:40,00:00:27
2024/10/18,18:00,Inbound Sales - Chat,Chat_Nectar,Sales- Sellable- Offer Made- Not Sold,1,00:00:05,00:24:04,00:00:00
2024/10/18,18:00,Inbound Sales - Chat,Chat_Nectar,Sales- Sellable- Offer Made- Not Sold,1,00:00:02,00:18:21,00:01:53
2024/10/18,18:00,Inbound Sales - Chat,Chat_Nectar,Sales- Sellable- Offer Made- Not Sold,1,00:00:04,00:15:54,00:00:00
2024/10/18,18:00,Inbound Sales - Chat,Chat_Nectar,Unresolved Interaction,1,00:00:05,00:24:19,00:02:09
2024/10/18,18:00,Inbound Sales - Chat,Chat_Nectar,Sales- Sellable- Offer Made- Not Sold,1,00:00:05,00:17:37,00:00:37
2024/10/18,18:00,Pre Transit - Chat,Chat_DreamCloud,Unresponsive Customer,1,00:00:04,00:11:17,00:07:17
2024/10/18,18:00,Pre Transit - Chat,Chat_DreamCloud,WISMO- Pre Transit in SLA,1,00:01:07,00:16:59,00:00:54
2024/10/18,18:00,Pre-Transit_Cancellations - Chat,Chat_DreamCloud,Order Details Question,1,00:00:05,00:18:27,00:03:35
2024/10/18,18:00,Pre-Transit_Cancellations - Chat,Chat_DreamCloud,Product Inquiry,1,00:00:03,00:20:15,00:09:19
2024/10/18,18:00,Pre-Transit_Cancellations - Chat,Chat_Nectar,Cancellation Pre Transit,1,00:01:38,00:44:11,00:06:06
2024/10/18,18:00,Pre-Transit_Cancellations - Chat,Chat_DreamCloud,Sales- Sellable- Sold,1,00:00:37,00:36:12,00:13:36
2024/10/18,18:00,Pre-Transit_Cancellations - Chat,Chat_Nectar,Unresponsive Customer,1,00:01:46,00:07:17,00:03:18
2024/10/18,19:00,Delivered - Chat,Chat_DreamCloud,Return_1st - Comfort Issue,1,00:01:19,00:23:24,00:00:00
2024/10/18,19:00,Delivered - Chat,Chat_DreamCloud,Sales- Sellable- Offer Made- Not Sold,1,00:01:53,00:34:39,00:05:13
2024/10/18,19:00,Delivered - Chat,Chat_Nectar,Abandon,1,00:01:01,00:00:00,00:00:00
2024/10/18,19:00,Delivered - Chat,Chat_Siena,Sales- Sellable- Offer Made- Not Sold,1,00:01:51,00:18:08,00:01:25
2024/10/18,19:00,Delivered - Chat,Chat_Nectar,Warranty Claim 61 Plus Days_1st,1,00:03:02,00:19:15,00:08:16
2024/10/18,19:00,Delivered - Chat,Chat_Nectar,Abandon,1,00:00:18,00:00:00,00:00:00
2024/10/18,19:00,Delivered - Chat,Chat_Nectar,Warranty Claim 61 Plus Days_1st,1,00:01:52,00:18:11,00:09:14
2024/10/18,19:00,Early Returns - Chat,Chat_DreamCloud,Abandon,1,00:00:22,00:00:00,00:00:00
2024/10/18,19:00,Early Returns - Chat,Chat_DreamCloud,Unresolved Interaction,1,00:02:11,00:01:08,00:00:18
2024/10/18,19:00,Early Returns - Chat,Chat_DreamCloud,Abandon,1,00:00:10,00:00:00,00:00:00
2024/10/18,19:00,Early Returns - Chat,Chat_Cloverlane,Refund Status Inquiry,1,00:01:10,00:14:22,00:00:00
2024/10/18,19:00,Early Returns - Chat,Chat_DreamCloud,Ghost Call,1,00:02:25,00:04:15,00:01:11
2024/10/18,19:00,Early Returns - Chat,Chat_Nectar,Ghost Call,1,00:02:17,00:04:20,00:01:44
2024/10/18,19:00,Early Returns - Chat,Chat_DreamCloud,Abandon,1,00:00:31,00:00:00,00:00:00
2024/10/18,19:00,Early Returns - Chat,Chat_Nectar,Return_1st - Comfort Issue,1,00:02:23,00:15:42,00:05:19
2024/10/18,19:00,EOT Delivered - Chat,Chat_Nectar,Warranty Claim 61 Plus Days_1st,1,00:00:03,00:19:39,00:11:17
2024/10/18,19:00,EOT Delivered - Chat,Chat_DreamCloud,Abandon,1,00:01:13,00:00:00,00:00:00
2024/10/18,19:00,EOT Delivered - Chat,Chat_DreamCloud,Abandon,1,00:00:12,00:00:00,00:00:00
2024/10/18,19:00,EOT Delivered - Chat,Chat_Nectar,Warranty Claim 61 Plus Days_1st,1,00:00:05,00:14:45,00:05:33
2024/10/18,19:00,EOT Delivered - Chat,Chat_Awara,Ghost Call,1,00:05:05,00:05:12,00:02:19
2024/10/18,19:00,In Transit - Chat,Chat_Nectar,Order Details Question,1,00:00:05,00:27:23,00:02:52
2024/10/18,19:00,In Transit - Chat,Chat_Nectar,Order Details Question,1,00:00:34,00:16:04,00:06:01
2024/10/18,19:00,Inbound Sales - Chat,Chat_Nectar,Sales- Sellable- Offer Made- Not Sold,1,00:00:05,00:48:46,00:12:13
2024/10/18,19:00,Inbound Sales - Chat,Chat_Nectar,Product Inquiry,1,00:00:03,00:15:57,00:01:37
2024/10/18,19:00,Inbound Sales - Chat,Chat_DreamCloud,Sales- Sellable- Sold,1,00:00:05,00:44:45,00:00:13
2024/10/18,19:00,Inbound Sales - Chat,Chat_Nectar,Sales- Sellable- Sold,1,00:00:04,00:47:01,00:14:26
2024/10/18,19:00,Inbound Sales - Chat,Chat_Nectar,Sales- Sellable- Offer Made- Not Sold,1,00:00:04,00:17:11,00:02:09
2024/10/18,19:00,Inbound Sales - Chat,Chat_Nectar,Unresolved Interaction,1,00:00:06,00:14:35,00:02:46
2024/10/18,19:00,Inbound Sales - Chat,Chat_Nectar,Sales- Sellable- Offer Made- Not Sold,1,00:00:03,00:11:16,00:03:27
2024/10/18,19:00,Inbound Sales - Chat,Chat_DreamCloud,Retail Inquiry,1,00:00:04,00:08:57,00:00:33
2024/10/18,19:00,Inbound Sales - Chat,Chat_DreamCloud,Sales- Sellable- Offer Made- Not Sold,1,00:00:03,00:26:40,00:00:54
2024/10/18,19:00,Inbound Sales - Chat,Chat_Awara,Sales- Sellable- Offer Made- Not Sold,1,00:00:06,00:16:38,00:02:18
2024/10/18,19:00,Inbound Sales - Chat,Chat_DreamCloud,Amazon Inquiry,1,00:00:04,00:19:15,00:00:38
2024/10/18,19:00,Inbound Sales - Chat,Chat_DreamCloud,Sales- Sellable- No- Offer- Made,1,00:00:04,00:12:18,00:01:23
2024/10/18,19:00,Pre-Transit_Cancellations - Chat,Chat_Nectar,Unresponsive Customer,1,00:03:08,00:05:53,00:03:04
2024/10/18,19:00,Pre-Transit_Cancellations - Chat,Chat_Nectar,Cancellation- Saved Pre Transit,1,00:01:13,00:30:59,00:08:25
2024/10/18,19:00,Pre-Transit_Cancellations - Chat,Chat_Nectar,Sales- Sellable- Offer Made- Not Sold,1,00:00:32,00:06:11,00:00:51
2024/10/18,19:00,Pre-Transit_Cancellations - Chat,Chat_Nectar,Product Inquiry,1,00:00:02,00:11:52,00:06:23
2024/10/18,19:00,Pre-Transit_Cancellations - Chat,Chat_DreamCloud,ABF_1st - Troubleshooting,1,00:00:03,00:31:40,00:02:48
2024/10/18,20:00,Delivered - Chat,Chat_DreamCloud,Abandon,1,00:05:10,00:00:00,00:00:00
2024/10/18,20:00,Delivered - Chat,Chat_Nectar,Unresolved Interaction,1,00:00:03,00:09:51,00:05:38
2024/10/18,20:00,Delivered - Chat,Chat_Nectar,Warranty Claim 61 Plus Days_1st,1,00:03:07,00:19:31,00:03:42
2024/10/18,20:00,Delivered - Chat,Chat_DreamCloud,Unresponsive Customer,1,00:00:38,00:04:56,00:00:24
2024/10/18,20:00,Delivered - Chat,Chat_Nectar,Unresponsive Customer,1,00:03:29,00:02:24,00:01:51
2024/10/18,20:00,Delivered - Chat,Chat_Nectar,Warranty Claim 61 Plus Days_1st,1,00:00:03,00:21:59,00:02:03
2024/10/18,20:00,Early Returns - Chat,Chat_DreamCloud,Order Details Question,1,00:00:24,00:06:12,00:00:00
2024/10/18,20:00,Early Returns - Chat,Chat_DreamCloud,Unresolved Interaction,1,00:01:23,00:20:58,00:03:41
2024/10/18,20:00,EOT Delivered - Chat,Chat_Nectar,Sales- Sellable- Offer Made- Not Sold,1,00:00:48,00:26:43,00:00:26
2024/10/18,20:00,EOT Delivered - Chat,Chat_DreamCloud,Unresolved Interaction,1,00:00:35,00:14:06,00:11:01
2024/10/18,20:00,EOT Delivered - Chat,Chat_Nectar,Abandon,1,00:00:46,00:00:00,00:00:00
2024/10/18,20:00,EOT Delivered - Chat,Chat_Nectar,Unresolved Interaction,1,00:04:02,00:25:21,00:00:00
2024/10/18,20:00,EOT Delivered - Chat,Chat_Nectar,Sales- Sellable- Offer Made- Not Sold,1,00:01:38,00:15:38,00:00:35
2024/10/18,20:00,EOT Delivered - Chat,Chat_Nectar,Abandon,1,00:00:20,00:00:00,00:00:00
2024/10/18,20:00,In Transit - Chat,Chat_Nectar,WISMO- Pre Transit in SLA,1,00:00:57,00:14:45,00:00:00
2024/10/18,20:00,In Transit - Chat,Chat_Nectar,WGS- WISMO Pre Delivery,1,00:00:25,00:33:35,00:14:27
2024/10/18,20:00,In Transit - Chat,Chat_Nectar,Abandon,1,00:01:53,00:00:00,00:00:00
2024/10/18,20:00,In Transit - Chat,Chat_DreamCloud,Order Details Question,1,00:00:19,00:19:45,00:10:43
2024/10/18,20:00,Inbound Sales - Chat,Chat_Nectar,Sales- Sellable- Offer Made- Not Sold,1,00:00:04,00:19:40,00:09:57
2024/10/18,20:00,Inbound Sales - Chat,Chat_Nectar,Sales- Sellable- Offer Made- Not Sold,1,00:00:03,00:16:00,00:01:04
2024/10/18,20:00,Inbound Sales - Chat,Chat_Nectar,Product Inquiry,1,00:01:32,00:20:56,00:00:08
2024/10/18,20:00,Inbound Sales - Chat,Chat_Nectar,Unresponsive Customer,1,00:03:22,00:05:07,00:00:00
2024/10/18,20:00,Inbound Sales - Chat,Chat_Nectar,Sales- Sellable- Offer Made- Not Sold,1,00:00:02,00:28:14,00:11:30
2024/10/18,20:00,Inbound Sales - Chat,Chat_Nectar,Sales- Sellable- No- Offer- Made,1,00:00:04,00:25:59,00:00:56
2024/10/18,20:00,Inbound Sales - Chat,Chat_Nectar,Sales- Sellable- Offer Made- Not Sold,1,00:00:06,00:06:43,00:01:03
2024/10/18,20:00,Inbound Sales - Chat,Chat_Nectar,Product Inquiry,1,00:02:54,00:18:08,00:00:00
2024/10/18,20:00,Inbound Sales - Chat,Chat_DreamCloud,Unresolved Interaction,1,00:00:03,00:17:21,00:07:56
2024/10/18,20:00,Inbound Sales - Chat,Chat_Nectar,Unresponsive Customer,1,00:02:52,00:03:46,00:00:31
2024/10/18,20:00,Inbound Sales - Chat,Chat_Nectar,Retail Inquiry,1,00:00:03,00:09:32,00:00:23
2024/10/18,20:00,Pre-Transit_Cancellations - Chat,Chat_DreamCloud,Order Details Question,1,00:00:02,00:15:06,00:02:35
2024/10/18,21:00,Delivered - Chat,Chat_Nectar,EC - Sellable Not Sold,1,00:00:03,00:12:02,00:04:23
2024/10/18,21:00,Early Returns - Chat,Chat_DreamCloud,EC - Sellable Not Sold,1,00:00:03,00:18:16,00:00:10
2024/10/18,21:00,Early Returns - Chat,Chat_DreamCloud,Unresolved Interaction,1,00:00:04,00:07:40,00:02:22
2024/10/18,21:00,EOT Delivered - Chat,Chat_Nectar,Order Details Question,1,00:00:02,00:13:06,00:00:29
2024/10/18,21:00,In Transit - Chat,Chat_DreamCloud,WISMO- Pre Transit Out of SLA,1,00:00:03,00:23:40,00:02:04
2024/10/18,21:00,In Transit - Chat,Chat_Siena,WISMO- Carrier Delay,1,00:00:04,00:15:45,00:00:06
2024/10/18,21:00,In Transit - Chat,Chat_Nectar,Cancellation In Transit,1,00:00:03,00:05:27,00:00:09
2024/10/18,21:00,In Transit - Chat,Chat_DreamCloud,WISMO- Pre Transit Out of SLA,1,00:00:05,00:16:43,00:01:24
2024/10/18,21:00,Inbound Sales - Chat,Chat_DreamCloud,Unresolved Interaction,1,00:00:06,00:09:27,00:00:16
2024/10/18,21:00,Inbound Sales - Chat,Chat_Nectar,Sales- Sellable- Offer Made- Follow Up,1,00:00:04,00:16:22,00:00:55
2024/10/18,21:00,Inbound Sales - Chat,Chat_Nectar,Product Inquiry,1,00:00:06,00:16:57,00:02:08
2024/10/18,21:00,Inbound Sales - Chat,Chat_Nectar,Prospect - B2B-Bulk,1,00:00:04,00:25:17,00:00:01
2024/10/18,21:00,Inbound Sales - Chat,Chat_Nectar,Product Inquiry,1,00:00:03,00:22:22,00:00:11
2024/10/18,21:00,Inbound Sales - Chat,Chat_Nectar,Sales- Sellable- Offer Made- Not Sold,1,00:00:04,00:04:48,00:00:22
2024/10/18,21:00,Inbound Sales - Chat,Chat_Nectar,Sales- Sellable- Offer Made- Not Sold,1,00:00:06,00:09:10,00:00:19
2024/10/18,21:00,Inbound Sales - Chat,Chat_Nectar,Sales- Sellable- No- Offer- Made,1,00:00:03,00:02:43,00:00:23
2024/10/18,22:00,Delivered - Chat,Chat_DreamCloud,Sales- Sellable- No- Offer- Made,1,00:00:02,00:08:31,00:00:09
2024/10/18,22:00,Delivered - Chat,Chat_DreamCloud,Product Inquiry,1,00:00:04,00:06:09,00:00:04
2024/10/18,22:00,Early Returns - Chat,Chat_Nectar,Return_1st - Comfort Issue,1,00:00:05,00:08:39,00:00:28
2024/10/18,22:00,Early Returns - Chat,Chat_DreamCloud,Unresolved Interaction,1,00:00:02,00:07:17,00:00:00
2024/10/18,22:00,EOT Delivered - Chat,Chat_DreamCloud,Product Inquiry,1,00:00:03,00:07:45,00:01:30
2024/10/18,22:00,Inbound Sales - Chat,Chat_Nectar,Product Inquiry,1,00:00:03,00:07:58,00:05:18
2024/10/18,22:00,Inbound Sales - Chat,Chat_Nectar,Warranty Claim 61 Plus Days_1st,1,00:00:04,00:04:57,00:01:01
2024/10/18,22:00,Inbound Sales - Chat,Chat_DreamCloud,Unresolved Interaction,1,00:00:06,00:05:51,00:02:03
2024/10/18,22:00,Pre-Transit_Cancellations - Chat,Chat_DreamCloud,Exchange Wrong Product_Wrong Size,1,00:00:05,00:22:42,00:00:07
2024/10/18,22:00,Pre-Transit_Cancellations - Chat,Chat_DreamCloud,Price matching,1,00:00:07,00:08:14,00:00:07
2024/10/18,22:00,Pre-Transit_Cancellations - Chat,Chat_DreamCloud,Add Hold for Shipping,1,00:00:06,00:07:05,00:00:02
2024/10/18,22:00,Pre-Transit_Cancellations - Chat,Chat_DreamCloud,Cancellation Pre Transit,1,00:00:03,00:28:15,00:00:06
2024/10/18,23:00,EOT Delivered - Chat,Chat_Nectar,Unresolved Interaction,1,00:00:03,00:15:17,00:00:21
2024/10/18,23:00,EOT Delivered - Chat,Chat_DreamCloud,EC - Sellable Not Sold,1,00:00:02,00:12:09,00:00:10
2024/10/18,23:00,Inbound Sales - Chat,Chat_DreamCloud,Order Details Question,1,00:00:03,00:10:52,00:00:37
2024/10/18,23:00,Inbound Sales - Chat,Chat_Nectar,Product Inquiry,1,00:00:06,00:13:23,00:02:12
2024/10/18,23:00,Inbound Sales - Chat,Chat_DreamCloud,Product Inquiry,1,00:00:05,00:07:08,00:00:36
2024/10/18,23:00,Inbound Sales - Chat,Chat_Nectar,Product Inquiry,1,00:00:04,00:09:14,00:03:12
2024/10/18,23:00,Inbound Sales - Chat,Chat_Nectar,Sales- Sellable- Offer Made- Follow Up,1,00:00:05,00:34:18,00:02:04
2024/10/18,23:00,Pre Transit - Chat,Chat_DreamCloud,WISMO- Pre Transit Out of SLA,1,00:00:06,00:03:05,00:00:58
2024/10/18,23:00,Pre Transit - Chat,Chat_DreamCloud,WISMO- Pre Transit Out of SLA,1,00:00:06,00:06:33,00:00:04
